id,name,lat,lon,elevation,maxdate,mindate
GHCND:US1UTBE0002,"BRIGHAM CITY 1.2 N, UT US",41.5267,-112.005,1330.1,2025-02-01,2008-06-30
GHCND:US1UTBE0003,"THATCHER 0.2 NE, UT US",41.70248,-112.297411,1345.4,2026-09-13,2008-09-01
GHCND:US1UTBE0004,"TREMONTON 0.3 ENE, UT US",41.716678,-112.171474,1318.9,2009-10-23,2008-09-04
GHCND:US1UTBE0005,"HONEYVILLE 0.5 NNE, UT US",41.640448,-112.077956,1319.2,2009-09-24,2008-09-04
GHCND:US1UTBE0006,"THATCHER 1.7 ESE, UT US",41.694725,-112.267479,1308.2,2026-09-08,1998-06-17
GHCND:US1UTBE0008,"GARLAND 1.0 SE, UT US",41.7266652,-112.1482226,1319.2,2026-09-14,2010-02-09
GHCND:US1UTBE0009,"PERRY 0.6 S, UT US",41.456491,-112.033574,1368.9,2023-07-29,2010-05-12
GHCND:US1UTBE0010,"BOTHWELL 2.6 WSW, UT US",41.709538,-112.317884,1460,2021-10-07,2011-06-19
GHCND:US1UTBE0011,"BOTHWELL 0.9 ENE, UT US",41.725,-112.2534,1323.7,2021-09-05,2011-06-14
GHCND:US1UTBE0013,"TREMONTON 2.9 WSW, UT US",41.6953392028809,-112.227958679199,1308.2,2026-09-13,2015-04-09
GHCND:US1UTBE0014,"BRIGHAM CITY 0.6 W, UT US",41.509,-112.0208,1346.6,2026-09-04,2015-07-11
GHCND:US1UTBE0016,"BEAR RIVER CITY 2.3 WNW, UT US",41.62398333,-112.1657,1297.8,2026-09-14,2018-03-26
GHCND:US1UTBE0017,"TREMONTON 1.8 WNW, UT US",41.723631,-112.209939,1344.5,2020-10-11,2018-11-01
GHCND:US1UTBE0019,"MANTUA 0.6 WNW, UT US",41.50482,-111.94357,1581,2023-12-01,2021-11-29
GHCND:US1UTBE0020,"COLLINSTON 1.3 SW, UT US",41.75674,-112.09721,1344.8,2026-09-01,2023-01-03
GHCND:US1UTBV0001,"BEAVER 0.8 E, UT US",38.27785,-112.62444,1822.7,2026-09-03,1998-06-17
GHCND:US1UTBV0002,"BEAVER 0.5 WNW, UT US",38.28057,-112.6482,1799.2,2023-11-24,2019-10-19
GHCND:US1UTCH0001,"LOGAN 2.5 ENE, UT US",41.756755,-111.792477,1470.7,2010-06-12,2008-10-13
GHCND:US1UTCH0003,"LOGAN 1.7 ESE, UT US",41.730508,-111.804616,1464.6,2023-05-21,2008-07-15
GHCND:US1UTCH0004,"RICHMOND 0.5 WNW, UT US",41.922121,-111.8193,1394.8,2026-08-14,2008-06-29
GHCND:US1UTCH0005,"NIBLEY 1.7 SE, UT US",41.6535,-111.8224,1410.6,2026-09-03,2008-08-14
GHCND:US1UTCH0006,"MENDON 0.3 NE, UT US",41.71383,-111.97533,1517.3,2010-10-25,2009-10-11
GHCND:US1UTCH0008,"PROVIDENCE 0.8 WNW, UT US",41.711081,-111.825701,1380.1,2025-05-19,2008-09-22
GHCND:US1UTCH0009,"LOGAN 0.9 SE, UT US",41.731135,-111.821832,1386.8,2009-08-07,2008-08-31
GHCND:US1UTCH0011,"LOGAN 0.5 ENE, UT US",41.74375,-111.8258333,1390.5,2013-12-19,2008-09-07
GHCND:US1UTCH0013,"RICHMOND 1.6 NE, UT US",41.9383,-111.79,1502.1,2011-06-11,2008-12-04
GHCND:US1UTCH0014,"HYDE PARK 0.7 NW, UT US",41.805098,-111.823341,1375.6,2019-10-18,2009-09-09
GHCND:US1UTCH0015,"BENSON 1.0 SSW, UT US",41.78739446,-111.92760766,1349.7,2022-06-13,2009-06-12
GHCND:US1UTCH0016,"LOGAN 0.5 E, UT US",41.740786,-111.825338,1394.5,2012-12-01,2009-09-17
GHCND:US1UTCH0019,"NORTH LOGAN 0.8 ESE, UT US",41.7690208,-111.7994985,1447.5,2021-05-31,2009-11-06
GHCND:US1UTCH0020,"MILLVILLE 0.3 SE, UT US",41.6766836,-111.8153146,1418.5,2010-12-27,2009-11-13
GHCND:US1UTCH0021,"NORTH LOGAN 0.7 E, UT US",41.771817,-111.800767,1440.2,2022-11-09,2009-11-05
GHCND:US1UTCH0022,"LOGAN 0.7 SW, UT US",41.732403,-111.845238,1376.2,2016-04-16,2009-12-04
GHCND:US1UTCH0024,"PROVIDENCE 0.5 NW, UT US",41.7098837345839,-111.819515526295,1394.5,2014-04-05,2012-04-27
GHCND:US1UTCH0025,"HYDE PARK 1.0 SSW, UT US",41.784388,-111.820536,1376.2,2026-09-07,2013-05-01
GHCND:US1UTCH0033,"PROVIDENCE 0.2 W, UT US",41.70482,-111.81739,1403.6,2020-08-03,2017-12-27
GHCND:US1UTCH0034,"LOGAN 0.5 WSW, UT US",41.73704,-111.8434,1378.6,2019-10-28,2018-03-19
GHCND:US1UTCH0037,"LOGAN 2.0 NNW, UT US",41.7662,-111.8518,1363.7,2020-03-21,2018-04-16
GHCND:US1UTCH0038,"HYRUM 1.5 E, UT US",41.63065,-111.81594,1473.4,2019-10-02,2018-08-26
GHCND:US1UTCH0041,"PROVIDENCE 0.7 NW, UT US",41.71355,-111.82136,1385.9,2026-09-13,2018-02-09
GHCND:US1UTCH0042,"CLARKSTON 0.5 SW, UT US",41.91463,-112.05402,1505.1,2026-09-11,2019-10-18
GHCND:US1UTCH0043,"LOGAN 2.6 N, UT US",41.776699,-111.825548,1376.2,2026-09-07,2020-04-07
GHCND:US1UTCH0046,"HYRUM 0.8 SE, UT US",41.624215,-111.83467,1464.3,2026-09-01,1998-06-17
GHCND:US1UTCH0047,"NIBLEY 1.0 WNW, UT US",41.6803279,-111.8581579,1378,2022-02-10,2020-12-29
GHCND:US1UTCH0052,"WELLSVILLE 0.4 NW, UT US",41.635446,-111.937668,1393.5,2023-10-26,2021-07-12
GHCND:US1UTCH0057,"LOGAN 0.9 NNE, UT US",41.750631,-111.825768,1394.2,2026-09-11,2023-05-23
GHCND:US1UTCR0001,"HELPER 0.3 SW, UT US",39.686729,-110.863902,1812.6,2019-10-10,2018-05-04
GHCND:US1UTCR0002,"PRICE 2.2 W, UT US",39.60669,-110.84129,1713.3,2021-04-30,2018-08-05
GHCND:US1UTCR0003,"HELPER 0.2 WSW, UT US",39.688762,-110.86294,1805.9,2022-06-20,2020-06-23
GHCND:US1UTCR0005,"PRICE 6.6 ESE, UT US",39.569841,-110.684352,1675.5,2026-08-31,2021-06-12
GHCND:US1UTCR0008,"PRICE 1.0 W, UT US",39.599625,-110.819928,1686.8,2026-09-09,2022-12-15
GHCND:US1UTDC0003,"ROOSEVELT 0.2 WSW, UT US",40.2948463013968,-110.003685210046,1574.9,2017-01-03,2010-02-22
GHCND:US1UTDC0004,"ROOSEVELT 1.1 SE, UT US",40.28638889,-109.9830556,1531.9,2012-11-17,2011-07-09
GHCND:US1UTDG0002,"DUTCH JOHN 0.1 SE, UT US",40.928218,-109.389969,1950.4,2022-01-11,2020-03-03
GHCND:US1UTDV0001,"FARMINGTON 1.8 W, UT US",40.9874,-111.9286,1292,2026-09-01,2008-06-12
GHCND:US1UTDV0005,"LAYTON 1.7 E, UT US",41.077419,-111.922049,1445.4,2021-08-02,2008-07-09
GHCND:US1UTDV0006,"WOODS CROSS 0.5 SW, UT US",40.867566,-111.918094,1296,2011-09-23,2001-06-19
GHCND:US1UTDV0007,"BOUNTIFUL 0.8 SE, UT US",40.869345,-111.851966,1559.7,2026-09-13,2008-06-30
GHCND:US1UTDV0008,"BOUNTIFUL 1.7 NE, UT US",40.904621,-111.865697,1362.8,2011-11-07,2008-07-16
GHCND:US1UTDV0009,"CENTERVILLE 0.8 NE, UT US",40.934638,-111.876129,1324.7,2020-02-17,2008-07-10
GHCND:US1UTDV0017,"SOUTH WEBER 0.3 ESE, UT US",41.1329,-111.9285,1377.1,2015-08-04,2011-04-12
GHCND:US1UTDV0018,"BOUNTIFUL 1.3 S, UT US",40.857155,-111.866977,1549.9,2016-06-12,1998-06-17
GHCND:US1UTDV0020,"FARMINGTON 1.5 NNW, UT US",41.0078,-111.9067,1352.1,2012-05-13,2009-11-12
GHCND:US1UTDV0024,"FRUIT HEIGHTS 1.3 N, UT US",41.04771,-111.9068,1463.6,2026-09-14,2013-10-14
GHCND:US1UTDV0025,"WEST BOUNTIFUL 1.0 NNE, UT US",40.914966583252,-111.898056030273,1289.6,2026-09-01,2014-01-01
GHCND:US1UTDV0036,"BOUNTIFUL 0.6 SW, UT US",40.87,-111.8728,1403.9,2024-03-27,2020-01-01
GHCND:US1UTDV0037,"CENTERVILLE 1.3 N, UT US",40.945444,-111.885087,1300,2026-09-01,2020-03-01
GHCND:US1UTDV0038,"BOUNTIFUL 0.7 SSW, UT US",40.8678,-111.8714,1425.9,2026-09-14,2020-04-02
GHCND:US1UTDV0039,"BOUNTIFUL 2.0 SW, UT US",40.85432,-111.88988,1392,2026-09-14,2020-05-15
GHCND:US1UTDV0040,"SUNSET 0.4 SW, UT US",41.13411,-112.032742,1375.9,2022-11-22,2020-06-12
GHCND:US1UTDV0041,"CLEARFIELD 1.7 WSW, UT US",41.097096,-112.053144,1321.6,2026-09-14,2021-06-09
GHCND:US1UTDV0042,"CLINTON 0.9 WNW, UT US",41.1479733,-112.0779352,1306.4,2026-09-14,2021-09-18
GHCND:US1UTDV0044,"KAYSVILLE 1.5 SE, UT US",41.0139667,-111.924638,1333.2,2022-09-22,2022-04-15
GHCND:US1UTDV0045,"KAYSVILLE 1.2 N, UT US",41.0476,-111.94055,1339,2026-09-14,2022-06-10
GHCND:US1UTDV0046,"SYRACUSE 2.4 S, UT US",41.061614,-112.055646,1292.4,2026-09-01,2022-10-01
GHCND:US1UTDV0047,"SOUTH WEBER 0.8 SE, UT US",41.1248837,-111.924164,1401.2,2026-09-14,2023-02-09
GHCND:US1UTEM0003,"FERRON 1.1 S, UT US",39.075347,-111.131304,1803.2,2026-09-07,2019-07-26
GHCND:US1UTEM0004,"GREEN RIVER 2.8 WNW, UT US",39.0034,-110.1343,1244.8,2020-12-18,1998-06-17
GHCND:US1UTEM0006,"CASTLE DALE 0.8 NW, UT US",39.22956,-111.03016,1787,2026-09-12,2021-02-19
GHCND:US1UTEM0011,"ORANGEVILLE 0.5 ENE, UT US",39.23472,-111.05033,1769.1,2026-09-12,2023-09-21
GHCND:US1UTGF0001,"HENRIEVILLE 0.2 SSW, UT US",37.56257411,-111.99628522,1824.8,2025-03-05,2008-07-02
GHCND:US1UTGF0003,"BOULDER 1.3 NNW, UT US",37.9477771,-111.432807,2185.7,2023-02-14,2009-05-30
GHCND:US1UTGF0004,"PANGUITCH 0.1 E, UT US",37.8237,-112.4362333,2021.1,2018-05-20,2017-03-19
GHCND:US1UTGF0005,"ORTON 4.7 SSE, UT US",37.906383,-112.387033,2024.8,2024-10-31,2018-05-22
GHCND:US1UTGR0002,"MOAB 3.7 ESE, UT US",38.545229,-109.487798,1430.1,2022-04-08,2009-11-21
GHCND:US1UTGR0003,"MOAB 0.3 ENE, UT US",38.5738,-109.5421,1243.3,2013-09-19,2009-11-21
GHCND:US1UTGR0005,"MOAB 1.3 NW, UT US",38.5864,-109.5629,1216.5,2026-09-14,2009-11-20
GHCND:US1UTGR0006,"MOAB 5.9 SE, UT US",38.508105,-109.474534,1422.8,2010-04-22,2009-12-08
GHCND:US1UTGR0007,"MOAB 3.3 SE, UT US",38.5452237,-109.4962052,1378,2021-09-30,1998-06-17
GHCND:US1UTGR0008,"MOAB 0.7 ESE, UT US",38.5681308,-109.5353447,1258.8,2019-03-04,2009-12-08
GHCND:US1UTGR0009,"CASTLE VALLEY 0.6 W, UT US",38.6331,-109.4104,1458.8,2026-09-14,2010-04-20
GHCND:US1UTGR0011,"CASTLE VALLEY 0.7 WNW, UT US",38.637,-109.411,1440.5,2021-09-12,2013-09-27
GHCND:US1UTGR0012,"MOAB 2.7 SE, UT US",38.5442667,-109.5125608,1342.9,2026-09-14,2016-07-01
GHCND:US1UTGR0016,"MOAB 19.1 ENE, UT US",38.662056,-109.213246,1799.8,2021-10-26,2021-03-26
GHCND:US1UTGR0018,"CASTLE VALLEY 0.3 ESE, UT US",38.63053,-109.39502,1463.3,2026-09-06,2023-11-24
GHCND:US1UTIR0001,"CEDAR CITY 1.8 S, UT US",37.663099,-113.074176,1801.1,2018-08-10,2008-07-09
GHCND:US1UTIR0003,"CEDAR CITY 6.2 NNW, UT US",37.7753,-113.1073,1664.8,2016-02-01,2008-07-26
GHCND:US1UTIR0005,"CEDAR CITY 4.4 SW, UT US",37.6431,-113.1284,1738.9,2026-09-14,2016-05-23
GHCND:US1UTIR0010,"NEWCASTLE 0.6 SSW, UT US",37.662171,-113.5537783,1617.3,2026-09-13,2018-04-12
GHCND:US1UTIR0011,"CEDAR CITY 5.6 NW, UT US",37.750257,-113.142552,1677.9,2026-02-18,2018-04-28
GHCND:US1UTIR0012,"PAROWAN 0.5 NNW, UT US",37.839243,-112.822288,1849.5,2026-09-12,2018-10-04
GHCND:US1UTJB0002,"MONA 1.5 SSE, UT US",39.794195,-111.8505017,1538,2026-09-02,2023-05-23
GHCND:US1UTML0001,"OAK CITY 0.3 SSE, UT US",39.37229,-112.33387,1565.1,2026-09-14,2008-06-01
GHCND:US1UTML0003,"DELTA 0.5 NNE, UT US",39.3595,-112.57223,1414,2014-05-31,2008-07-01
GHCND:US1UTML0004,"DELTA 2.2 SW, UT US",39.33078,-112.6053,1406,2015-05-27,2008-07-01
GHCND:US1UTML0005,"ABRAHAM 2.5 N, UT US",39.43329,-112.71777,1397.2,2015-10-29,2008-09-01
GHCND:US1UTML0007,"SUTHERLAND 1.5 SW, UT US",39.37492,-112.65436,1405.7,2015-01-05,2010-05-22
GHCND:US1UTML0008,"SIXMILE RIDGE 0.5 SW, UT US",39.31031,-112.39163,1546.9,2016-09-30,2013-06-01
GHCND:US1UTML0009,"WOODROW 0.9 NNW, UT US",39.44554,-112.6349,1403.9,2014-06-18,2013-08-28
GHCND:US1UTML0010,"OASIS 1.2 NE, UT US",39.30656,-112.6105,1404.8,2017-03-28,2013-09-20
GHCND:US1UTML0011,"LOVELL HOLLOW 0.2 NW, UT US",39.3549,-112.361,1545.3,2016-09-30,2015-04-01
GHCND:US1UTML0013,"MEADOW 0.1 E, UT US",38.887063,-112.40367,1487.1,2026-09-13,2023-05-26
GHCND:US1UTMR0001,"MORGAN 0.8 SE, UT US",41.033,-111.673,1552,2015-11-03,2009-08-14
GHCND:US1UTPT0002,"CIRCLEVILLE 0.7 W, UT US",38.165327,-112.2746,1852.9,2020-12-20,2009-12-01
GHCND:US1UTRC0001,"RANDOLPH 0.4 NNW, UT US",41.66962,-111.1856,1919.9,2020-09-16,2019-01-07
GHCND:US1UTSJ0001,"MONTICELLO 0.9 W, UT US",37.869663,-109.352089,2170.5,2013-01-01,2010-05-10
GHCND:US1UTSJ0003,"MONTICELLO 2.3 SW, UT US",37.849846,-109.366592,2190.3,2016-08-23,2013-01-04
GHCND:US1UTSJ0004,"MONTICELLO 0.8 SW, UT US",37.86402,-109.34553,2139.4,2019-11-28,2019-02-06
GHCND:US1UTSJ0005,"MONTICELLO 0.3 W, UT US",37.8723,-109.341453,2154.6,2026-09-01,2019-10-07
GHCND:US1UTSJ0006,"MONTICELLO 1.2 E, UT US",37.872061,-109.314228,2099.5,2021-01-28,2020-03-13
GHCND:US1UTSJ0007,"MONTICELLO 0.4 SW, UT US",37.867938,-109.340672,2147.9,2025-09-17,2020-10-17
GHCND:US1UTSJ0008,"BLANDING 3.9 ENE, UT US",37.643932,-109.412954,1881.8,2026-09-12,2021-01-31
GHCND:US1UTSJ0009,"BLANDING 0.3 WSW, UT US",37.623755,-109.4855667,1862.6,2026-09-14,2021-04-16
GHCND:US1UTSJ0010,"MOAB 17.8 SSE, UT US",38.3282903,-109.4449545,1810.8,2026-09-14,2022-03-12
GHCND:US1UTSJ0011,"BLUFF 0.5 NNE, UT US",37.28738,-109.56656,1343.9,2026-05-21,2024-07-29
GHCND:US1UTSL0001,"SANDY 1.2 SSW, UT US",40.554651,-111.864855,1394.5,2013-07-29,2008-07-02
GHCND:US1UTSL0003,"SANDY 1.6 NE, UT US",40.59935,-111.85476,1409.4,2020-10-11,2008-07-01
GHCND:US1UTSL0006,"MOUNT OLYMPUS 0.5 SW, UT US",40.680272,-111.795003,1535,2016-03-15,2008-07-01
GHCND:US1UTSL0008,"WEST JORDAN 3.5 NE, UT US",40.626411,-111.92531,1322.5,2015-05-10,2008-06-30
GHCND:US1UTSL0009,"WEST JORDAN 1.6 NNW, UT US",40.619037,-112.011137,1442.3,2026-09-11,2008-07-01
GHCND:US1UTSL0011,"SOUTH SALT LAKE 2.4 NE, UT US",40.735314,-111.865302,1316.7,2012-07-29,2008-07-13
GHCND:US1UTSL0015,"TAYLORSVILLE 0.3 NNW, UT US",40.673553,-111.932373,1302.4,2011-03-31,2008-10-25
GHCND:US1UTSL0016,"SANDY 2.7 SE, UT US",40.545651,-111.851784,1454.2,2008-12-25,2008-07-01
GHCND:US1UTSL0018,"COTTONWOOD HEIGHTS 1.5 SE, UT US",40.59332,-111.79224,1566.1,2021-07-11,1998-08-20
GHCND:US1UTSL0020,"EAST MILLCREEK 1.5 NNW, UT US",40.70881196,-111.83376087,1382.3,2010-01-06,2008-07-03
GHCND:US1UTSL0025,"COTTONWOOD HEIGHTS 1.6 SE, UT US",40.591254,-111.790283,1594.1,2026-09-14,2008-08-01
GHCND:US1UTSL0027,"SANDY 2.0 NE, UT US",40.604593,-111.852449,1413.4,2026-09-14,2008-07-21
GHCND:US1UTSL0028,"SANDY 1.0 ESE, UT US",40.5779,-111.8556,1416.4,2009-01-02,2008-07-16
GHCND:US1UTSL0029,"SALT LAKE CITY 8.3 ENE, UT US",40.777261,-111.729849,1725.8,2008-12-22,2008-07-08
GHCND:US1UTSL0032,"WEST JORDAN 0.7 SW, UT US",40.593232,-112.005046,1439.3,2026-08-24,2008-07-03
GHCND:US1UTSL0035,"HOLLADAY 0.5 ESE, UT US",40.665693,-111.811475,1396,2026-09-13,2008-07-01
GHCND:US1UTSL0041,"SALT LAKE CITY 2.1 SE, UT US",40.744667,-111.8677,1311.6,2018-07-15,2008-07-01
GHCND:US1UTSL0047,"SALT LAKE CITY 3.3 E, UT US",40.77508,-111.866447,1392.3,2025-10-05,2008-08-25
GHCND:US1UTSL0053,"DRAPER 2.5 NNW, UT US",40.5309,-111.8857,1349.7,2009-12-14,2008-11-27
GHCND:US1UTSL0055,"SALT LAKE CITY 4.9 SE, UT US",40.720544,-111.824513,1404.5,2014-04-01,2009-02-07
GHCND:US1UTSL0060,"SANDY 2.0 ESE, UT US",40.556585,-111.820815,1478.9,2021-05-15,2009-09-02
GHCND:US1UTSL0061,"WEST VALLEY CITY 2.5 ESE, UT US",40.680082,-111.963118,1315.8,2018-08-22,2009-09-05
GHCND:US1UTSL0062,"MAGNA 1.2 W, UT US",40.703416,-112.108686,1333.5,2018-12-26,2010-07-21
GHCND:US1UTSL0070,"MAGNA 1.2 W, UT US",40.70699,-112.108288,1316.4,2015-03-22,2009-11-13
GHCND:US1UTSL0072,"MIDVALE 1.7 NE, UT US",40.626954,-111.87707,1342,2012-06-09,2009-11-11
GHCND:US1UTSL0073,"SANDY 2.1 WNW, UT US",40.584877,-111.888231,1363.4,2026-09-14,2009-11-12
GHCND:US1UTSL0074,"SALT LAKE CITY 3.6 SE, UT US",40.733617,-111.833168,1399,2015-12-21,2009-11-16
GHCND:US1UTSL0075,"COTTONWOOD HEIGHTS 1.3 WSW, UT US",40.603246,-111.833659,1410.3,2010-06-07,2010-01-01
GHCND:US1UTSL0076,"TAYLORSVILLE 2.4 SW, UT US",40.647341,-111.96394,1366.1,2024-06-16,2009-12-08
GHCND:US1UTSL0078,"SALT LAKE CITY 2.1 NE, UT US",40.788922,-111.873316,1550.8,2026-09-01,2009-12-11
GHCND:US1UTSL0079,"SALT LAKE CITY 1.8 SE, UT US",40.744,-111.864,1325,2026-09-14,2010-02-11
GHCND:US1UTSL0083,"SANDY 1.1 NNE, UT US",40.58574561,-111.84907415,1436.8,2026-09-14,2010-03-22
GHCND:US1UTSL0085,"SALT LAKE CITY 0.7 NNW, UT US",40.787058,-111.932946,1286,2011-04-16,2010-08-12
GHCND:US1UTSL0086,"HOLLADAY 0.7 WNW, UT US",40.673519,-111.831784,1358.2,2023-07-15,2010-10-31
GHCND:US1UTSL0091,"DRAPER 1.9 WNW, UT US",40.50993333,-111.8975333,1349.3,2015-12-15,2011-11-13
GHCND:US1UTSL0092,"SALT LAKE CITY 4.5 SE, UT US",40.722328,-111.817091,1443.2,2018-03-15,2012-01-01
GHCND:US1UTSL0093,"SALT LAKE CITY 3.8 E, UT US",40.772828,-111.857103,1403,2026-09-13,2012-07-30
GHCND:US1UTSL0096,"TAYLORSVILLE BENNION 2.0 WSW, UT US",40.6474,-111.9814,1400.3,2026-09-14,2012-10-12
GHCND:US1UTSL0097,"RIVERTON 1.0 WSW, UT US",40.5124664306641,-111.96125793457,1382,2019-11-26,2013-08-01
GHCND:US1UTSL0103,"SANDY 1.7 WNW, UT US",40.579453,-111.883522,1372.8,2015-03-30,2014-06-22
GHCND:US1UTSL0104,"SALT LAKE CITY 8.3 WSW, UT US",40.699398,-112.024537,1300.9,2026-08-30,2015-06-06
GHCND:US1UTSL0109,"SALT LAKE CITY 4.1 ESE, UT US",40.761907,-111.854527,1399.3,2019-05-01,2017-11-08
GHCND:US1UTSL0112,"MURRAY 0.7 WSW, UT US",40.64905,-111.90463,1309.4,2019-05-13,2018-04-08
GHCND:US1UTSL0113,"MURRAY 1.1 NW, UT US",40.66324,-111.90695,1294.5,2021-12-28,2018-04-13
GHCND:US1UTSL0115,"MURRAY 0.1 N, UT US",40.654,-111.8928,1320.4,2021-02-18,2018-07-10
GHCND:US1UTSL0117,"MURRAY 1.8 SE, UT US",40.634944,-111.866639,1342,2026-09-14,2019-05-13
GHCND:US1UTSL0118,"MAGNA 1.0 SW, UT US",40.694503,-112.100059,1355.8,2026-09-02,2019-05-24
GHCND:US1UTSL0119,"EAST MILLCREEK 0.7 NNW, UT US",40.697485,-111.826435,1399.9,2026-09-03,2019-05-29
GHCND:US1UTSL0121,"MILLCREEK 1.4 E, UT US",40.68815,-111.8479,1330.5,2023-01-21,2019-10-21
GHCND:US1UTSL0127,"SALT LAKE CITY 4.8 ESE, UT US",40.742222,-111.851292,1381.7,2024-12-29,2021-05-31
GHCND:US1UTSL0128,"SANDY 1.5 E, UT US",40.566,-111.8264,1506.6,2024-09-04,2021-08-22
GHCND:US1UTSL0129,"WEST JORDAN 2.4 NW, UT US",40.6273667,-112.0212985,1458.2,2024-10-17,2022-08-18
GHCND:US1UTSL0133,"COTTONWOOD HEIGHTS 1.2 SSE, UT US",40.59361,-111.80208,1504.8,2024-12-30,2023-05-27
GHCND:US1UTSL0134,"SANDY 2.1 NNE, UT US",40.599,-111.84586,1430.4,2025-05-19,2023-05-03
GHCND:US1UTSL0135,"SALT LAKE CITY 2.9 E, UT US",40.7794741,-111.8751995,1419.8,2026-09-11,2023-10-26
GHCND:US1UTSL0136,"SALT LAKE CITY 1.7 E, UT US",40.7755,-111.8972,1307.6,2026-08-30,2024-04-20
GHCND:US1UTSL0137,"HOLLADAY 0.7 E, UT US",40.670057,-111.806566,1456.9,2026-09-14,2025-05-17
GHCND:US1UTSM0001,"PARK CITY 5.5 NNE, UT US",40.74,-111.49,1986.1,2015-12-09,2008-07-06
GHCND:US1UTSM0002,"KAMAS 0.1 ESE, UT US",40.642938,-111.272703,1985.2,2009-10-30,2008-07-13
GHCND:US1UTSM0003,"PEOA 0.7 N, UT US",40.729442,-111.329113,1962,2010-11-21,2009-11-13
GHCND:US1UTSM0004,"PARK CITY 1.3 E, UT US",40.655681,-111.469021,2243.9,2014-07-17,2009-11-15
GHCND:US1UTSM0005,"OAKLEY 1.0 SW, UT US",40.71379459,-111.30242679,1960.2,2010-03-29,2009-11-28
GHCND:US1UTSM0006,"PARK CITY 8.6 NNW, UT US",40.76538,-111.570606,1943.7,2013-05-29,2010-12-18
GHCND:US1UTSM0007,"PARK CITY 8.7 NW, UT US",40.74549,-111.60951,2083.3,2013-10-28,2013-05-01
GHCND:US1UTSM0009,"COALVILLE 0.3 WSW, UT US",40.9156,-111.3989,1703.5,2023-09-05,2019-09-11
GHCND:US1UTSM0011,"OAKLEY 0.9 SW, UT US",40.714203,-111.301292,1959.9,2026-09-14,2020-02-08
GHCND:US1UTSM0012,"PARK CITY 1.4 NNW, UT US",40.67534,-111.49992,2051.9,2026-09-11,2020-11-02
GHCND:US1UTSM0015,"WANSHIP 1.0 NW, UT US",40.8106,-111.4131,1797.1,2024-05-24,2021-11-19
GHCND:US1UTSM0016,"PARK CITY 8.7 NW, UT US",40.7472,-111.6085,2060.1,2023-11-27,2023-06-28
GHCND:US1UTSM0017,"PARK CITY 1.0 SE, UT US",40.64662,-111.47991,2186,2026-09-11,2024-06-21
GHCND:US1UTSP0007,"EPHRAIM 0.1 W, UT US",39.359493,-111.586731,1690.4,2019-12-22,2019-08-14
GHCND:US1UTTL0001,"TOOELE 1.7 N, UT US",40.560747,-112.295056,1460.9,2011-11-29,2008-06-21
GHCND:US1UTTL0002,"STANSBURY PARK 1.1 SSE, UT US",40.623948,-112.294754,1322.8,2008-12-15,2008-08-10
GHCND:US1UTTL0003,"TOOELE 1.6 SSW, UT US",40.51679,-112.317591,1544.4,2010-05-18,2008-08-31
GHCND:US1UTTL0007,"TOOELE 1.3 ENE, UT US",40.545995,-112.278971,1519.7,2010-11-20,2009-11-10
GHCND:US1UTTL0008,"STOCKTON 0.6 NW, UT US",40.458156,-112.370317,1550.5,2026-09-12,2009-12-06
GHCND:US1UTTL0009,"TOOELE 1.6 NNE, UT US",40.556676,-112.287318,1480.4,2010-05-28,2009-11-06
GHCND:US1UTTL0010,"GRANTSVILLE 2.0 SSE, UT US",40.568833,-112.459931,1368.6,2010-10-24,2010-04-12
GHCND:US1UTTL0011,"GRANTSVILLE 2.2 ESE, UT US",40.589332,-112.427644,1317,2010-12-30,2010-03-13
GHCND:US1UTTL0018,"GRANTSVILLE 1.1 NW, UT US",40.60819,-112.4821,1311.6,2021-12-14,2021-06-01
GHCND:US1UTUN0001,"VERNAL 1.5 WSW, UT US",40.446328,-109.562576,1662.1,2012-10-25,2008-07-14
GHCND:US1UTUN0005,"VERNAL 3.7 WNW, UT US",40.47985,-109.59571,1726.1,2015-08-03,2009-11-25
GHCND:US1UTUN0006,"VERNAL 9.8 NW, UT US",40.559559,-109.658624,1962.6,2012-08-05,2011-05-07
GHCND:US1UTUN0007,"NAPLES 0.8 N, UT US",40.44077,-109.49056,1582.8,2019-09-01,2011-05-11
GHCND:US1UTUN0011,"NAPLES 2.8 SSE, UT US",40.396,-109.463,1564.2,2022-12-06,2014-11-14
GHCND:US1UTUN0012,"JENSEN 0.4 WSW, UT US",40.3685,-109.3525,1453.3,2026-09-14,2014-12-02
GHCND:US1UTUN0013,"VERNAL 1.6 W, UT US",40.452395,-109.56572,1664.2,2018-02-15,2016-08-16
GHCND:US1UTUN0019,"VERNAL 1.5 SSW, UT US",40.4333,-109.54825,1652.6,2026-09-09,2022-01-03
GHCND:US1UTUN0020,"VERNAL 3.1 NW, UT US",40.4776,-109.58334,1703.2,2026-09-14,2022-12-19
GHCND:US1UTUN0021,"VERNAL 3.5 S, UT US",40.40078,-109.535584,1670.6,2026-04-17,2023-03-12
GHCND:US1UTUT0002,"SPANISH FORK 1.0 W, UT US",40.113758,-111.65790200000001,1396,2018-11-26,2008-07-21
GHCND:US1UTUT0005,"LEHI 1.8 W, UT US",40.40738,-111.88823,1381,2009-10-20,2008-08-17
GHCND:US1UTUT0010,"PROVO 3.4 SSE, UT US",40.201285,-111.620077,1397.2,2010-05-29,2008-07-29
GHCND:US1UTUT0012,"SPANISH FORK 1.3 SSE, UT US",40.098162,-111.628005,1441.4,2013-09-08,2008-09-10
GHCND:US1UTUT0013,"AMERICAN FORK 1.4 NW, UT US",40.400881,-111.808729,1448.4,2009-07-02,2008-11-01
GHCND:US1UTUT0018,"OREM 2.6 S, UT US",40.260661,-111.688871,1440.2,2012-06-24,2009-11-19
GHCND:US1UTUT0019,"LEHI 2.0 NNE, UT US",40.4306,-111.8436,1463,2026-09-02,2010-01-18
GHCND:US1UTUT0021,"SALEM 1.2 SW, UT US",40.038148,-111.684064,1439.3,2010-11-23,2010-03-21
GHCND:US1UTUT0022,"PLEASANT GROVE 1.0 WNW, UT US",40.378274,-111.748849,1406.7,2014-01-24,2011-04-21
GHCND:US1UTUT0024,"AMERICAN FORK 1.1 ESE, UT US",40.37902,-111.77439,1409.1,2026-09-14,2013-06-26
GHCND:US1UTUT0026,"AMERICAN FORK 0.3 WNW, UT US",40.386337,-111.798836,1420.7,2016-06-28,2014-08-12
GHCND:US1UTUT0028,"OREM 1.7 SSW, UT US",40.277833,-111.714792,1401.8,2026-09-14,2016-04-19
GHCND:US1UTUT0031,"PROVO 2.2 SSE, UT US",40.215392,-111.634196,1385,2019-10-17,2018-03-23
GHCND:US1UTUT0032,"OREM 1.4 ESE, UT US",40.288515,-111.674662,1462.7,2026-09-10,2018-05-03
GHCND:US1UTUT0034,"CEDAR VALLEY 1.9 S, UT US",40.2932,-112.0975,1513.3,2023-07-19,2019-10-07
GHCND:US1UTUT0037,"LEHI 2.0 WNW, UT US",40.41566,-111.88884,1383.8,2026-08-19,2022-03-09
GHCND:US1UTUT0038,"PROVO 1.9 W, UT US",40.249258,-111.677752,1393.5,2026-06-26,2023-08-16
GHCND:US1UTUT0039,"PLEASANT GROVE 0.9 N, UT US",40.3832865,-111.733881,1449.3,2023-09-04,2023-03-01
GHCND:US1UTUT0045,"AMERICAN FORK 1.3 NNW, UT US",40.402404,-111.802223,1452.1,2026-09-14,2023-08-18
GHCND:US1UTUT0049,"SPANISH FORK 2.1 SE, UT US",40.092409,-111.61273,1449.9,2026-09-14,2025-04-06
GHCND:US1UTWB0001,"WEST HAVEN 2.0 SW, UT US",41.18484,-112.09012,1292,2026-09-14,2008-07-01
GHCND:US1UTWB0003,"WEST WEBER 1.0 ESE, UT US",41.243484,-112.063724,1294.8,2026-09-11,2008-09-03
GHCND:US1UTWB0005,"SOUTH OGDEN 1.4 SSE, UT US",41.15491,-111.94849,1456.6,2011-11-19,2008-07-01
GHCND:US1UTWB0007,"EDEN 0.3 W, UT US",41.300193,-111.82527,1507.8,2026-09-14,2009-06-13
GHCND:US1UTWB0008,"SOUTH OGDEN 1.2 ESE, UT US",41.1682,-111.936377,1487.4,2018-11-30,2009-09-15
GHCND:US1UTWB0009,"SOUTH OGDEN 1.5 SSE, UT US",41.155501,-111.942894,1455.4,2011-12-01,2010-01-17
GHCND:US1UTWB0011,"ROY 0.5 NE, UT US",41.177241,-112.038446,1372.2,2011-06-07,2009-11-12
GHCND:US1UTWB0012,"HOOPER 0.1 S, UT US",41.1709,-112.1249333,1290.5,2010-11-21,2010-03-28
GHCND:US1UTWB0015,"ROY 1.7 NNE, UT US",41.193664,-112.026571,1358.5,2015-10-20,2010-03-23
GHCND:US1UTWB0017,"OGDEN 2.0 NE, UT US",41.25111111,-111.9416667,1385.6,2013-12-28,2011-02-02
GHCND:US1UTWB0018,"NORTH OGDEN 1.2 S, UT US",41.29386,-111.958013,1338.7,2019-04-24,2011-05-28
GHCND:US1UTWB0020,"HUNTSVILLE 7.3 ENE, UT US",41.31026,-111.64868,1826.1,2015-04-05,2014-03-22
GHCND:US1UTWB0022,"EDEN 0.3 ENE, UT US",41.3010274,-111.8139368,1510.6,2026-09-01,2020-03-31
GHCND:US1UTWB0023,"LIBERTY 0.9 SW, UT US",41.3202,-111.882,1676.7,2026-09-01,2020-05-23
GHCND:US1UTWB0025,"SOUTH OGDEN 1.3 N, UT US",41.193462,-111.962296,1371.3,2026-08-30,2021-11-01
GHCND:US1UTWB0026,"WEST WEBER 0.7 E, UT US",41.251453,-112.067125,1292.7,2026-09-01,2022-05-29
GHCND:US1UTWB0027,"PLEASANT VIEW 1.2 S, UT US",41.306944,-111.995833,1315.8,2025-08-03,2022-08-22
GHCND:US1UTWB0030,"RIVERDALE 1.0 N, UT US",41.185476,-112.004403,1334.1,2025-03-06,2024-08-04
GHCND:US1UTWG0001,"ST. GEORGE 1.5 SSW, UT US",37.05848,-113.589281,776.9,2018-02-27,2009-12-07
GHCND:US1UTWG0002,"LA VERKIN 0.3 W, UT US",37.20577528,-113.27872837,985.7,2015-06-06,2010-02-22
GHCND:US1UTWG0003,"HURRICANE 2.4 ENE, UT US",37.17158,-113.297481,987.2,2026-09-07,2010-01-01
GHCND:US1UTWG0004,"SANTA CLARA 1.3 SE, UT US",37.120268,-113.63623,833.9,2011-07-09,2010-03-22
GHCND:US1UTWG0005,"ST. GEORGE 4.1 NNW, UT US",37.13006,-113.616382,868.4,2019-01-05,2010-03-12
GHCND:US1UTWG0007,"SPRINGDALE 0.6 SW, UT US",37.17886092,-113.00853974,1171,2016-05-10,2010-03-20
GHCND:US1UTWG0008,"APPLE VALLEY 2.8 N, UT US",37.1298869,-113.13085,1476.5,2012-09-25,2010-04-12
GHCND:US1UTWG0009,"HURRICANE 2.4 E, UT US",37.157582,-113.296019,998.2,2024-08-02,2010-04-01
GHCND:US1UTWG0010,"ROCKVILLE 5.1 SW, UT US",37.102767,-113.127657,1449.9,2017-04-15,1998-06-17
GHCND:US1UTWG0011,"ST. GEORGE 2.2 SSE, UT US",37.0469589233398,-113.570526123047,840,2013-04-09,2012-04-24
GHCND:US1UTWG0012,"ST. GEORGE 1.7 SW, UT US",37.0608329772949,-113.599319458008,778.5,2014-06-06,2012-05-21
GHCND:US1UTWG0014,"IVINS 0.8 NW, UT US",37.1838672459126,-113.694703504443,977.2,2016-03-01,2014-06-06
GHCND:US1UTWG0015,"ST. GEORGE 11.9 N, UT US",37.248,-113.617,1382.6,2026-02-17,1998-06-17
GHCND:US1UTWG0016,"ST GEORGE 3.1 NW, UT US",37.113959,-113.614352,838.2,2023-11-25,1998-06-17
GHCND:US1UTWG0017,"ST. GEORGE 4.1 SSW, UT US",37.02829,-113.61915,778.5,2024-05-02,2018-01-20
GHCND:US1UTWG0021,"IVINS 1.5 SE, UT US",37.158179,-113.666916,904.3,2026-09-14,2021-12-30
GHCND:US1UTWG0022,"IVINS 1.1 ESE, UT US",37.170251,-113.667358,936.3,2023-08-12,2022-01-25
GHCND:US1UTWG0023,"MIDDLETON 1.0 SE, UT US",37.109596,-113.537678,825.1,2025-03-07,2022-12-12
GHCND:US1UTWG0024,"WASHINGTON 1.0 ESE, UT US",37.13126,-113.47569,929.3,2026-09-13,2024-02-16
GHCND:US1UTWS0003,"HEBER CITY 7.2 E, UT US",40.487918,-111.277096,2164.1,2010-09-02,2009-11-03
GHCND:US1UTWS0006,"HEBER CITY 2.4 SSE, UT US",40.473332,-111.402047,1758.1,2026-09-13,2009-11-27
GHCND:US1UTWS0008,"HEBER CITY 10.1 ESE, UT US",40.461221,-111.228508,2531.4,2026-09-14,2014-09-26
GHCND:US1UTWS0009,"HEBER CITY 0.7 E, UT US",40.5049,-111.397813,1730.3,2021-10-06,2020-01-01
GHCND:US1UTWS0010,"HEBER CITY 0.4 SE, UT US",40.50326,-111.406012,1720.9,2026-09-14,2021-10-07
GHCND:US1UTWS0011,"SUNDANCE 2.3 NE, UT US",40.397325,-111.544812,1676.7,2025-01-09,2023-06-11
GHCND:US1UTWY0001,"LYMAN 0.2 SW, UT US",38.3943,-111.5911,2184.8,2010-12-21,2008-07-09
GHCND:USC00420050,"ALLEN S RANCH, UT US",40.89972,-109.15278,1673.4,2001-10-31,1962-08-01
GHCND:USC00420061,"ALPINE, UT US",40.46437,-111.77088,1554.5,2026-09-13,1899-05-01
GHCND:USC00420072,"ALTA, UT US",40.59058,-111.63703,2654.8,2026-09-13,1905-03-17
GHCND:USC00420074,"ALTAMONT, UT US",40.36696,-110.29858,1967.8,2026-09-13,1953-06-01
GHCND:USC00420086,"ALTON, UT US",37.4402,-112.4819,2163.5,2026-09-08,1915-05-01
GHCND:USC00420113,"ALUNITE, UT US",38.36667,-112.26667,2055.9,1953-07-31,1917-04-01
GHCND:USC00420120,"AMALGA, UT US",41.83333,-111.9,1373.1,1953-01-31,1951-02-01
GHCND:USC00420157,"ANETH PLANT, UT US",37.25583,-109.32917,1394.8,2008-02-29,1900-05-03
GHCND:USC00420168,"ANGLE, UT US",38.2486,-111.9608,1953.8,2026-09-01,1981-07-01
GHCND:USC00420180,"ANNABELLA NEAR, UT US",38.716667,-112.066667,1615.4,1910-03-31,1906-02-01
GHCND:USC00420194,"ANTELOPE ISLAND, UT US",40.93333,-112.16667,1289.9,1972-08-31,1952-09-16
GHCND:USC00420197,"ANTELOPE ISLAND NORTH, UT US",41.03333,-112.23333,1341.1,1983-06-26,1973-06-01
GHCND:USC00420201,"ANTIMONY, UT US",38.11667,-112,1969.9,1975-10-31,1901-07-01
GHCND:USC00420302,"SALT LAKE CITY SUBURBAN SEWAGE PLANT, UT US",40.7,-111.91667,1293,1966-04-30,1950-01-01
GHCND:USC00420336,"ARCHES NATIONAL PARK HQS, UT US",38.6163,-109.6191,1247.5,2026-09-01,1980-06-01
GHCND:USC00420400,"BAKER RANGER STATION, UT US",37.866667,-109.366667,2148.8,1926-07-31,1909-06-01
GHCND:USC00420449,"BARTHOLOMEW POWERHOU, UT US",40.16667,-111.5,1566.4,1994-09-30,1956-09-01
GHCND:USC00420460,"BASIN, UT US",38.6,-109.283333,2743.2,1910-08-31,1909-07-01
GHCND:USC00420478,"BAUER, UT US",40.46667,-112.36667,1513,1959-12-31,1941-03-01
GHCND:USC00420487,"BEAR LAKE STATE PARK, UT US",41.96393,-111.39844,1806.9,2021-01-28,1989-04-01
GHCND:USC00420490,"BEAR RIVER BAY, UT US",41.3,-112.26667,1283.2,1996-04-30,1969-05-01
GHCND:USC00420506,"BEAR RIVER REFUGE, UT US",41.46667,-112.26667,1284.1,1984-02-29,1937-08-04
GHCND:USC00420519,"BEAVER, UT US",38.3,-112.65,1810.5,1990-05-31,1893-01-01
GHCND:USC00420527,"BEAVER CANYON POWER HOUSE, UT US",38.26827,-112.4818,2215.9,2021-08-31,1939-08-04
GHCND:USC00420530,"BEAVER CREEK NURSERY, UT US",40.633333,-111.166667,2209.8,1917-11-20,1914-05-01
GHCND:USC00420580,"BALKNAP RANGER STATION, UT US",38.566667,-112.35,1834.6,1916-11-30,1914-02-01
GHCND:USC00420617,"BENMORE, UT US",40.03333,-112.41667,1815.1,1953-08-31,1911-08-01
GHCND:USC00420686,"BIG PLAINS, UT US",37.066667,-113.1,1524,1927-08-31,1915-11-01
GHCND:USC00420688,"BIG WATER, UT US",37.0769,-111.6638,1249.7,2026-09-13,1986-05-01
GHCND:USC00420699,"BINGHAM CANYON, UT US",40.53333,-112.15,1861.1,1974-10-31,1940-12-01
GHCND:USC00420700,"BINGHAM CANYON 2 NE, UT US",40.56667,-112.13333,1713.9,1985-08-31,1974-11-01
GHCND:USC00420716,"BIRDSEYE, UT US",39.86667,-111.53333,1743.2,1992-04-30,1933-10-01
GHCND:USC00420718,"BIRDSEYE NEBO CREEK, UT US",39.88333,-111.55,1701.1,1983-09-30,1979-11-01
GHCND:USC00420730,"BLACK ROCK, UT US",38.7076,-112.9539,1498.4,2026-07-31,1900-10-01
GHCND:USC00420734,"BLACKS FORK COMMISSARY, UT US",40.9608,-110.5794,2688.3,2026-09-14,2024-01-01
GHCND:USC00420736,"BLACKS FORK RANGER STATION, UT US",40.966667,-110.583333,2674.6,1921-09-30,1916-04-01
GHCND:USC00420737,"BLACKSMITH FORK, UT US",41.633333,-111.683333,1569.4,1944-08-31,1904-05-01
GHCND:USC00420738,"BLANDING, UT US",37.61322,-109.48484,1839.5,2026-07-05,1904-11-26
GHCND:USC00420757,"BLOWHARD MOUNTAIN RADAR, UT US",37.5927,-112.8638,3259.5,2006-03-31,1964-08-01
GHCND:USC00420777,"BLUE CREEK, UT US",41.9,-112.5,1478.9,1952-07-31,1896-02-08
GHCND:USC00420788,"BLUFF, UT US",37.2824,-109.5575,1316.4,2026-09-13,1911-06-01
GHCND:USC00420802,"BONANZA, UT US",40.01667,-109.18333,1661.2,1993-02-25,1938-03-16
GHCND:USC00420810,"BONANZA PUMPING STATION, UT US",40.03333,-109.11667,1738.9,1966-05-31,1960-05-01
GHCND:USC00420814,"BONETA, UT US",40.35,-110.35,1950.7,1922-01-31,1919-04-23
GHCND:USC00420819,"BOUNTIFUL BENCH, UT US",40.891,-111.8504,1508.8,2026-09-12,1974-10-01
GHCND:USC00420820,"BOUNTIFUL VAL VERDA, UT US",40.8547,-111.8902,1383.8,2014-06-30,1912-12-07
GHCND:USC00420841,"BOTHWELL, UT US",41.71667,-112.25,1321,1959-12-31,1946-07-01
GHCND:USC00420849,"BOULDER, UT US",37.905,-111.42,2026.9,2026-09-10,1954-06-11
GHCND:USC00420900,"BRIAN HEAD, UT US",37.6933,-112.8469,2977.9,2009-11-30,1991-02-01
GHCND:USC00420924,"BRIGHAM CITY, UT US",41.48333,-112.03333,1324.1,1974-05-31,1899-03-01
GHCND:USC00420928,"BRIGHAM CITY WASTE PLANT, UT US",41.52417,-112.04349,1292.4,2026-08-31,1974-06-01
GHCND:USC00421006,"BRYCE CNYN NATIONAL PARK, UT US",37.63333,-112.18333,2425,1978-12-31,1971-10-01
GHCND:USC00421007,"BRYCE CNYN NATIONAL PARK, UT US",37.63333,-112.18333,2425,1959-05-31,1933-03-01
GHCND:USC00421008,"BRYCE CANYON NATIONAL PARK HQRS, UT US",37.64101,-112.17024,2404.9,2026-08-31,1959-06-01
GHCND:USC00421020,"BULLFROG BASIN, UT US",37.52686,-110.71655,1164.9,2026-07-31,1967-03-01
GHCND:USC00421023,"BULLFROG 8 N, UT US",37.63028,-110.72806,1225.3,2001-09-30,1999-10-01
GHCND:USC00421050,"BURBANK, UT US",38.866667,-114,1642.9,1942-04-30,1941-01-01
GHCND:USC00421070,"BURRVILLE, UT US",38.566667,-111.866667,2148.8,1919-03-31,1911-04-01
GHCND:USC00421144,"CALLAO, UT US",39.8997,-113.7128,1323.4,2026-09-14,1902-11-01
GHCND:USC00421149,"CALLISTER RANCH, UT US",40.68333,-112.66667,1299.1,1984-10-23,1967-05-01
GHCND:USC00421162,"CANYON BREEZE RANCH, UT US",37.6661,-113.5423,1634.6,2013-05-24,2007-05-01
GHCND:USC00421163,"CANYONLANDS THE NECK, UT US",38.46,-109.8213,1789.5,2026-09-14,1965-06-17
GHCND:USC00421168,"CANYONLANDS THE NEEDLES, UT US",38.1678,-109.7597,1495.3,2026-09-14,1965-06-18
GHCND:USC00421171,"CAPITOL REEF NATIONAL PARK, UT US",38.29132,-111.26221,1676.4,2026-09-14,1967-03-01
GHCND:USC00421214,"CASTLE DALE, UT US",39.20765,-111.0128,1715.7,2026-07-31,1899-02-08
GHCND:USC00421216,"CASTLEDALE HTR UP AND L, UT US",39.17444,-111.02917,1725.2,2006-08-31,1980-05-01
GHCND:USC00421218,"CASTLE GATE, UT US",39.716667,-110.866667,1828.8,1897-12-03,1893-01-01
GHCND:USC00421222,"CASTLE ROCK, UT US",41.13333,-111.16667,1966.9,1961-11-30,1904-05-01
GHCND:USC00421230,"CASTLETON, UT US",38.6,-109.33333,1780.9,1978-05-31,1963-11-01
GHCND:USC00421240,"CASTLE VALLEY 1 SE, UT US",38.6225,-109.3916,1495,2025-01-13,2015-02-08
GHCND:USC00421241,"CASTLE VALLEY, UT US",38.6513,-109.3986,1440.2,2009-04-30,1978-08-01
GHCND:USC00421243,"CASTLE VALLEY 1 NE, UT US",38.6472,-109.3891,1458.8,2014-12-31,2009-08-01
GHCND:USC00421256,"CEDAR BREAKS STORAGE, UT US",37.61667,-112.83333,3123,1970-09-30,1948-07-01
GHCND:USC00421258,"CEDAR BREAKS N.M., UT US",37.6094,-112.8377,3161.4,2026-09-10,2018-02-01
GHCND:USC00421259,"CEDAR CITY, UT US",37.6658,-113.08372,1856.2,2026-09-14,2000-03-01
GHCND:USC00421260,"CEDAR CITY 5 E, UT US",37.65647,-112.99179,1970.5,2026-08-31,1983-03-01
GHCND:USC00421272,"CEDAR CITY POWERHOUS, UT US",37.68333,-113.08333,1731.9,1961-12-31,1905-11-01
GHCND:USC00421273,"CEDAR CITY STEAM PLA, UT US",37.66667,-113.03333,1830,1983-02-28,1961-12-21
GHCND:USC00421285,"CEDAR FORT, UT US",40.4,-112.083333,1676.4,1918-10-31,1914-10-01
GHCND:USC00421308,"CEDAR POINT, UT US",37.7158,-109.0827,2060.4,2018-02-28,1957-01-01
GHCND:USC00421367,"CENTRAL, UT US",37.416667,-113.633333,1585,1942-04-30,1940-09-08
GHCND:USC00421418,"CHURCH WELLS, UT US",37.1,-111.76667,1377.7,1986-01-31,1975-10-01
GHCND:USC00421432,"CIRCLEVILLE, UT US",38.1706,-112.2786,1844,2010-08-31,1941-10-01
GHCND:USC00421440,"CISCO, UT US",38.96667,-109.31667,1321,1967-06-30,1893-01-01
GHCND:USC00421446,"CITY CREEK WATER PLANT, UT US",40.81496,-111.83209,1627.6,2026-09-13,1955-04-04
GHCND:USC00421450,"CLARKSTON, UT US",41.916667,-112.05,1533.1,1941-10-31,1911-06-08
GHCND:USC00421472,"CLEAR CREEK, UT US",39.65,-111.15,2532,1967-12-31,1905-02-01
GHCND:USC00421500,"CLEAR LAKE REFUGE, UT US",39.1,-112.61667,1403,1984-05-31,1963-10-01
GHCND:USC00421590,"COALVILLE 13 E, UT US",40.9383,-111.1472,1984.2,2017-10-18,1974-10-11
GHCND:USC00421601,"COLLEGE WARD UTAH ST, UT US",41.66667,-111.9,1368.9,1969-04-30,1968-01-01
GHCND:USC00421685,"CONRAD RANCH, UT US",40.33333,-111.51667,1718.8,1989-11-30,1963-02-21
GHCND:USC00421695,"COON PEAK KSL TV, UT US",40.66667,-112.2,2806,1953-08-31,1952-10-03
GHCND:USC00421731,"CORINNE, UT US",41.548,-112.1105,1289.3,2006-06-30,1896-02-02
GHCND:USC00421735,"CORNISH SUGAR FACTORY, UT US",41.983333,-111.95,1365.8,1927-07-31,1924-09-01
GHCND:USC00421750,"COTTONWOOD NURSERY, UT US",40.65,-111.633333,2255.5,1920-10-31,1894-01-01
GHCND:USC00421755,"COTTONWOOD SEVIER RANGER STATION, UT US",37.95,-112.116667,2499.4,1924-07-28,1916-06-01
GHCND:USC00421759,"COTTONWOOD WEIR, UT US",40.6189,-111.7836,1519.7,2026-08-31,1917-05-01
GHCND:USC00421792,"COVE FORT, UT US",38.6,-112.58333,1827,1980-03-31,1941-10-01
GHCND:USC00421850,"CROYDEN, UT US",41.683333,-111.516667,1598.7,1900-01-31,1897-03-01
GHCND:USC00421907,"CURRANT CREEK JCT, UT US",40.2,-110.9,2036.1,1996-06-30,1985-07-01
GHCND:USC00421918,"CUTLER DAM, UT US",41.83308,-112.05788,1307.6,2026-09-13,1980-04-01
GHCND:USC00421990,"DALTON WELLS, UT US",38.716667,-109.7,1341.1,1942-02-15,1940-12-13
GHCND:USC00422053,"DEEP CREEK, UT US",39.866667,-114,1859.3,1916-04-30,1915-04-01
GHCND:USC00422057,"DEER CREEK DAM, UT US",40.4044,-111.5289,1606.3,2026-09-13,1939-03-01
GHCND:USC00422073,"DELLE, UT US",40.76667,-112.8,1302.1,1952-12-31,1919-07-01
GHCND:USC00422093,"DELTA 32 SSW, UT US",38.93333,-112.81667,1466.1,1987-06-30,1985-01-01
GHCND:USC00422101,"DESERET, UT US",39.28754,-112.6513,1399.6,2026-09-13,1893-01-01
GHCND:USC00422116,"DESERT EXPERIMENTAL RANGE, UT US",38.6,-113.75,1599.9,1984-09-30,1950-01-01
GHCND:USC00422150,"DEWEY, UT US",38.81278,-109.29972,1255.8,2004-06-15,1967-10-01
GHCND:USC00422172,"DINOSAUR NATIONAL MO, UT US",40.43333,-109.3,1549,1958-03-31,1941-01-10
GHCND:USC00422173,"DINOSAUR NM QUARRY AREA, UT US",40.4384,-109.307,1463.6,2026-09-14,1915-12-01
GHCND:USC00422233,"DRAPER, UT US",40.53333,-111.83333,1412.1,1968-09-30,1963-10-01
GHCND:USC00422235,"DRAPER POINT OF MOUNTAIN, UT US",40.4877,-111.8997,1373.4,2008-10-31,1985-10-01
GHCND:USC00422246,"DRY GULCH RANGER STATION, UT US",40.533333,-110.216667,2377.4,1930-06-30,1916-06-01
GHCND:USC00422252,"DUCHESNE AIRPORT, UT US",40.2,-110.38333,1774.9,1980-10-31,1974-03-12
GHCND:USC00422253,"DUCHESNE, UT US",40.1703,-110.3978,1691.9,2026-08-31,1906-04-01
GHCND:USC00422255,"DUCK CREEK RANGER STATION, UT US",37.51667,-112.7,2610.9,1936-09-30,1934-05-01
GHCND:USC00422257,"DUGWAY, UT US",40.1838,-112.9216,1324.4,2013-07-08,1950-09-21
GHCND:USC00422258,"DUGWAY 7 N ORR RANCH, UT US",40.3,-112.73333,1434.1,1972-07-31,1970-12-01
GHCND:USC00422294,"EAST CANYON, UT US",40.85,-111.58333,1780.9,1971-10-31,1952-09-08
GHCND:USC00422319,"STRWBERY RES E PRTAL, UT US",40.16667,-111.18333,2321.1,1955-10-31,1905-04-11
GHCND:USC00422385,"ECHO DAM, UT US",40.96554,-111.4336,1667.3,2026-09-08,1940-02-01
GHCND:USC00422389,"EDEN, UT US",41.34431,-111.84851,1597.2,2026-09-13,2011-01-01
GHCND:USC00422418,"ELBERTA, UT US",39.95,-111.95,1429.5,1992-08-31,1902-01-01
GHCND:USC00422424,"ELECTRIC LAKE, UT US",39.5997,-111.2127,2554.2,2009-06-30,1980-05-01
GHCND:USC00422429,"ELKHORN ASHLEY RANGER STATION, UT US",40.55,-109.95,2075.7,1956-04-30,1910-01-01
GHCND:USC00422432,"ELKHORN FISHLAKE RANGER STATION, UT US",38.45,-111.466667,2438.4,1928-08-26,1920-07-01
GHCND:USC00422484,"EMERY, UT US",38.91667,-111.25,1905.9,1978-04-30,1901-01-01
GHCND:USC00422488,"EMERY 15 SW, UT US",38.76667,-111.45,2328.7,1986-06-30,1979-07-01
GHCND:USC00422558,"ENTERPRISE, UT US",37.57249,-113.70911,1621.5,2026-09-10,1905-07-14
GHCND:USC00422561,"ENTERPRISE BERYL JCT, UT US",37.7697,-113.6555,1569.7,2008-06-30,1940-09-01
GHCND:USC00422573,"EPHRAIM HQ GBRC, UT US",39.31667,-111.48333,2684.1,1955-09-30,1951-06-01
GHCND:USC00422578,"EPHRAIM, UT US",39.35833,-111.59851,1675.8,2026-07-31,1949-09-01
GHCND:USC00422584,"EREKSON, UT US",39.95,-113.616667,1889.8,1923-03-31,1911-05-01
GHCND:USC00422592,"ESCALANTE, UT US",37.7686,-111.5977,1770.9,2026-09-01,1901-05-01
GHCND:USC00422597,"ESCALANTE RIVER MOUTH, UT US",37.31667,-110.9,1220.1,1953-08-31,1951-04-03
GHCND:USC00422607,"ESKDALE, UT US",39.1077,-113.9533,1517.9,2026-09-10,1966-03-27
GHCND:USC00422625,"EUREKA, UT US",39.95,-112.11667,1975.1,1984-07-24,1930-03-16
GHCND:USC00422696,"FAIRFIELD, UT US",40.26231,-112.08973,1487.4,2026-08-17,1911-01-01
GHCND:USC00422700,"FAIRVIEW, UT US",39.61667,-111.43333,1816.6,1997-02-07,1985-01-01
GHCND:USC00422702,"FAIRVIEW 8 N, UT US",39.7483,-111.4163,2057.4,2012-03-31,1975-05-01
GHCND:USC00422721,"FARMINGTON, UT US",40.98333,-111.9,1302.1,1965-05-31,1893-01-01
GHCND:USC00422726,"FARMINGTON 3 NW, UT US",41.0203,-111.9328,1335,2016-09-30,1948-07-01
GHCND:USC00422798,"FERRON, UT US",39.08842,-111.14852,1813.6,2026-08-31,1897-04-20
GHCND:USC00422828,"FILLMORE, UT US",38.96035,-112.32399,1562.7,2026-08-20,1893-01-01
GHCND:USC00422847,"FISH LAKE RANGER STATION, UT US",38.5516,-111.7227,2706.6,1951-10-26,1909-11-01
GHCND:USC00422851,"FISH SPRINGS, UT US",39.866667,-113.45,1910.8,1901-09-30,1899-10-10
GHCND:USC00422852,"FISH SPRINGS NWR, UT US",39.8401,-113.3978,1328,2016-01-11,1960-06-01
GHCND:USC00422864,"FLAMING GORGE, UT US",40.92964,-109.39691,1924.8,2026-07-31,1957-12-01
GHCND:USC00422996,"FORT DUCHESNE, UT US",40.2841,-109.8611,1539.8,2025-05-23,1887-12-01
GHCND:USC00423012,"FREMONT INDIAN S.P., UT US",38.5777,-112.3347,1804.4,2026-09-08,1988-06-01
GHCND:USC00423032,"FRISCO, UT US",38.45,-113.266667,1996.4,1912-07-29,1897-01-01
GHCND:USC00423046,"CAPITOL REEF NATIONAL PARK, UT US",38.29132,-111.26221,1676.4,1967-02-28,1938-08-01
GHCND:USC00423056,"FRUITLAND, UT US",40.21667,-110.85,2019,1966-02-28,1910-06-01
GHCND:USC00423063,"FRUITLAND 1 ENE, UT US",40.21667,-110.81667,2002.5,1990-10-31,1987-12-01
GHCND:USC00423097,"GARFIELD, UT US",40.7242,-112.1975,1310,2014-07-15,1924-11-01
GHCND:USC00423122,"GARLAND 1 NE, UT US",41.75611,-112.15167,1322.8,1979-10-31,1909-04-01
GHCND:USC00423138,"GARRISON, UT US",38.93333,-114.03333,1603.2,1990-07-31,1903-01-01
GHCND:USC00423182,"GENEVA STEEL, UT US",40.28333,-111.73333,1388.1,1960-01-31,1953-01-01
GHCND:USC00423183,"GENEVA STEEL 2, UT US",40.3,-111.73333,1388.1,1982-07-31,1960-02-01
GHCND:USC00423220,"GILES, UT US",38.366667,-110.85,1237.5,1906-09-30,1895-01-01
GHCND:USC00423232,"BIG WATER, UT US",37.0769,-111.6638,1249.7,1974-07-31,1962-08-01
GHCND:USC00423254,"GOBLIN VALLEY STATE PARK, UT US",38.57787,-110.7077,1511.8,2026-09-09,2005-10-01
GHCND:USC00423260,"GOLD HILL, UT US",40.16667,-113.83333,1600.2,1990-07-31,1966-05-01
GHCND:USC00423298,"GOOSEBERRY RANGER STATION, UT US",38.8,-111.68333,2418.9,1950-09-12,1909-12-30
GHCND:USC00423320,"GOVERNMENT CREEK, UT US",40.05,-112.66667,1610,1950-05-31,1900-12-01
GHCND:USC00423335,"GRANGER, UT US",40.7,-111.966667,1298.4,1914-04-30,1911-09-01
GHCND:USC00423348,"GRANTSVILLE 2 W, UT US",40.602,-112.5076,1386.8,2026-08-31,1906-01-01
GHCND:USC00423353,"GRANTSVILLE POWERHOU, UT US",40.51667,-112.51667,1495,1956-05-21,1942-10-01
GHCND:USC00423386,"EPHRAIM ALPINE, UT US",39.3,-111.45,3004.1,1934-10-31,1911-08-21
GHCND:USC00423388,"EPHRAIM HQ GBRC, UT US",39.31667,-111.48333,2684.1,1950-09-30,1918-04-01
GHCND:USC00423391,"EPHRAIM OAKS, UT US",39.35,-111.51667,2257,1934-10-31,1918-05-01
GHCND:USC00423413,"GREEN RIVER RNG GWC, UT US",39,-110.15,1241.1,1953-04-22,1948-07-01
GHCND:USC00423418,"GREEN RIVER AVIATION, UT US",38.99056,-110.15444,1240.5,2008-12-31,1948-07-01
GHCND:USC00423485,"GROUSE CREEK, UT US",41.716667,-113.866667,1622.8,1939-07-31,1893-01-01
GHCND:USC00423486,"GROUSE CREEK, UT US",41.7138,-113.8694,1621.5,2011-09-29,1959-04-01
GHCND:USC00423491,"GROUSE CREEK 4 NE, UT US",41.75,-113.85,1670.6,1982-08-31,1982-05-01
GHCND:USC00423506,"GUNLOCK PH, UT US",37.2805,-113.7283,1252.7,2016-07-31,1930-01-14
GHCND:USC00423514,"GUNNISON, UT US",39.15,-111.81667,1568.5,1990-04-30,1956-03-03
GHCND:USC00423600,"HANS FLAT RANGER STATION, UT US",38.25495,-110.17991,2011.7,2026-09-14,1980-10-01
GHCND:USC00423624,"HANNA, UT US",40.4005,-110.7586,2053.7,2026-09-14,1952-06-19
GHCND:USC00423671,"HARDWARE RANCH, UT US",41.6,-111.56667,1694.7,1991-02-28,1956-01-01
GHCND:USC00423706,"HARLEY DOME, UT US",39.16667,-109.13333,1601.1,1963-06-30,1959-08-01
GHCND:USC00423776,"HATCH, UT US",37.6521,-112.4361,2101,2026-08-30,1915-06-01
GHCND:USC00423788,"HAYDEN, UT US",40.433333,-109.966667,1798.3,1917-11-30,1914-10-01
GHCND:USC00423809,"HEBER, UT US",40.4916,-111.4261,1703.8,2013-05-29,1893-01-14
GHCND:USC00423836,"HELPER CARBON PLANT, UT US",39.7272,-110.8661,1859.3,2013-05-31,1980-05-01
GHCND:USC00423842,"HENEFER, UT US",41.016667,-111.5,1615.4,1920-04-30,1900-02-22
GHCND:USC00423847,"HENRIEVILLE, UT US",37.56667,-112,1833.1,1979-04-30,1963-03-10
GHCND:USC00423867,"HERRIMAN, UT US",40.51667,-112.03333,1524.9,1965-09-30,1963-10-01
GHCND:USC00423886,"HEWINTA GUARD STATION, UT US",40.95,-110.48333,2898,1935-07-31,1929-01-08
GHCND:USC00423896,"HIAWATHA, UT US",39.48333,-111.01667,2218.9,1992-07-31,1916-11-01
GHCND:USC00423929,"CITY CREEK WATER PLANT, UT US",40.81496,-111.83209,1627.6,1956-01-31,1915-08-01
GHCND:USC00423968,"HITE, UT US",37.81667,-110.43333,1058,1962-11-30,1900-02-15
GHCND:USC00423976,"HITE MARINA, UT US",37.86667,-110.4,1125,1978-01-31,1968-10-01
GHCND:USC00423980,"HITE RANGER STATION, UT US",37.87465,-110.388,1173.5,2024-01-03,1978-02-01
GHCND:USC00424000,"HOBBLE CREEK, UT US",40.166667,-111.533333,1506.3,1948-04-30,1947-01-01
GHCND:USC00424025,"HOLE IN THE ROCK, UT US",40.96667,-110.16667,2388.1,1932-10-31,1916-06-01
GHCND:USC00424035,"HOLSTEIN RANGER STATION, UT US",41.95,-113.45,1981.2,1917-09-30,1916-06-05
GHCND:USC00424050,"HOOPER, UT US",41.166667,-112.116667,1352.1,1913-11-30,1911-05-01
GHCND:USC00424100,"HOVENWEEP NATIONAL MONUMENT, UT US",37.3858,-109.075,1597.2,2026-09-14,1957-04-02
GHCND:USC00424105,"HOWELL, UT US",41.766667,-112.466667,1365.5,1917-07-31,1913-04-01
GHCND:USC00424123,"HUNTSVILLE, UT US",41.266667,-111.783333,1554.5,1932-04-30,1899-03-01
GHCND:USC00424125,"HUNTINGTON FARM UP AND L, UT US",39.36667,-111.06667,1899.5,1983-12-31,1980-06-01
GHCND:USC00424135,"HUNTSVILLE MONASTERY, UT US",41.2402,-111.713,1566.7,2013-10-31,1976-11-01
GHCND:USC00424140,"HUNTSVILLE SNOW BSN, UT US",41.21667,-111.85,2000.1,1981-06-30,1980-08-01
GHCND:USC00424150,"HURRICANE, UT US",37.183333,-113.283333,999.7,1941-02-25,1911-12-06
GHCND:USC00424160,"HYRUM, UT US",41.6395,-111.8654,1417.6,2012-09-30,2011-12-01
GHCND:USC00424174,"IBAPAH, UT US",40.01492,-114.01084,1638,2026-07-31,1903-01-01
GHCND:USC00424178,"IBAPAH NEAR, UT US",39.816667,-113.966667,2407.9,1911-08-31,1906-10-01
GHCND:USC00424180,"IBAX, UT US",39.25,-113.35,1706.9,1914-02-28,1909-10-28
GHCND:USC00424210,"INDIAN CREEK, UT US",39.96667,-112.78333,1585.9,1954-04-30,1940-09-01
GHCND:USC00424217,"INDIAN FARM, UT US",40.4,-112.716667,1341.1,1918-08-31,1915-03-13
GHCND:USC00424220,"INDIANOLA, UT US",39.8,-111.483333,1808.1,1906-11-30,1904-05-01
GHCND:USC00424225,"INTERNATIONAL, UT US",40.55,-112.233333,1645.9,1929-03-31,1910-01-01
GHCND:USC00424233,"IOSEPA SOUTH RANCH, UT US",40.5,-112.75,1327.1,1958-12-20,1910-09-01
GHCND:USC00424321,"JARVIE RANCH, UT US",40.8991,-109.1788,1662.4,2020-02-29,2002-01-01
GHCND:USC00424322,"JARVIE RANCH 1 S, UT US",40.8835,-109.1802,1729.4,2017-12-31,2015-07-09
GHCND:USC00424342,"JENSEN, UT US",40.36435,-109.34574,1449.3,2026-09-13,1925-03-16
GHCND:USC00424362,"JOHNSON PASS, UT US",40.3375,-112.6114,1700.8,2013-07-31,1972-11-01
GHCND:USC00424370,"JOSEPH, UT US",38.633333,-112.216667,1600.2,1924-10-31,1915-07-01
GHCND:USC00424375,"JOY, UT US",39.566667,-113.066667,1798.3,1913-05-31,1911-07-01
GHCND:USC00424378,"JOZELLA RANCH, UT US",37.933333,-113.683333,1585,1923-11-30,1915-10-13
GHCND:USC00424467,"KAMAS, UT US",40.6438,-111.2822,1975.4,2026-07-31,1948-10-01
GHCND:USC00424508,"KANAB, UT US",37.02872,-112.53606,1493.5,2026-09-07,1899-12-01
GHCND:USC00424527,"KANOSH, UT US",38.7952,-112.4382,1335.6,2013-04-16,1907-07-01
GHCND:USC00424542,"KEARNS, UT US",40.66667,-112,1360,1946-10-31,1943-04-01
GHCND:USC00424575,"KELTON, UT US",41.75,-113.116667,1287.8,1929-12-18,1896-01-01
GHCND:USC00424665,"KIMBERLY, UT US",38.65,-112.38333,2638,1942-07-31,1936-03-01
GHCND:USC00424746,"KNOLLS, UT US",40.71667,-113.28333,1293,1951-04-30,1948-07-01
GHCND:USC00424748,"KNOLLS 10 NE, UT US",40.81333,-113.2,1292.4,2004-11-30,1986-05-01
GHCND:USC00424755,"KODACHROME BASIN PARK, UT US",37.5141,-111.9883,1769.4,2026-09-13,1979-05-01
GHCND:USC00424764,"KOOSHAREM, UT US",38.5086,-111.8841,2112.3,2009-04-30,1893-05-19
GHCND:USC00424770,"KOOSHAREM RANGER STATION, UT US",38.566667,-111.983333,2743.2,1928-07-31,1916-07-01
GHCND:USC00424828,"LAKEPOINT, UT US",40.683333,-112.266667,1226.8,1929-02-28,1924-01-01
GHCND:USC00424846,"LAKESIDE, UT US",41.23333,-112.86667,1286.9,1968-07-31,1951-09-07
GHCND:USC00424856,"LAKETOWN, UT US",41.82517,-111.32064,1822.7,2026-09-13,1900-01-01
GHCND:USC00424927,"LA POINT, UT US",40.4,-109.8,1692.9,1961-03-31,1946-05-01
GHCND:USC00424946,"LA SAL, UT US",38.31667,-109.25,2129,1978-03-31,1901-02-02
GHCND:USC00424947,"LA SAL 1 SW, UT US",38.30125,-109.26622,2068.7,2026-09-11,1978-04-01
GHCND:USC00424968,"LA VERKIN, UT US",37.2009,-113.2685,973.5,2026-09-13,1950-04-19
GHCND:USC00424970,"LAYTON, UT US",41.0972,-111.9972,1359.4,2013-05-31,2011-01-01
GHCND:USC00425025,"LEEDS NEAR, UT US",37.283333,-113.3,1158.2,1939-05-31,1912-07-18
GHCND:USC00425034,"LEHI, UT US",40.383333,-111.85,1386.8,1923-04-30,1914-01-01
GHCND:USC00425040,"LEMAY, UT US",41.3,-113.516667,1286.6,1931-03-31,1911-03-01
GHCND:USC00425065,"LEVAN, UT US",39.5608,-111.8652,1614.8,2026-09-04,1893-01-01
GHCND:USC00425082,"LEWISTON, UT US",41.96667,-111.83333,1366.1,1976-06-30,1924-09-01
GHCND:USC00425138,"LITTLE SAHARA RECREATION AREA, UT US",39.7268,-112.3069,1594.1,2026-05-31,1979-06-01
GHCND:USC00425148,"LOA, UT US",38.40616,-111.64235,2153.4,2026-09-12,1893-01-01
GHCND:USC00425163,"LOCKERBY, UT US",37.783333,-109.066667,2225,1924-08-24,1917-01-20
GHCND:USC00425182,"LOGAN RADIO KVNU, UT US",41.73497,-111.85637,1364,2026-09-11,1956-11-02
GHCND:USC00425183,"LOGAN SUGAR FACTORY, UT US",41.7,-111.86667,1366.1,1941-04-30,1924-08-01
GHCND:USC00425186,"LOGAN UTAH ST U, UT US",41.7456,-111.8033,1460,2026-09-08,1893-01-01
GHCND:USC00425190,"LOGAN USU EXPERIMENTAL STATION, UT US",41.76667,-111.81667,1406,1978-08-31,1950-09-01
GHCND:USC00425194,"LOGAN 5 SW EXPERIMENTAL FARM, UT US",41.6661,-111.8913,1367.9,2026-09-11,1969-05-01
GHCND:USC00425215,"LOW, UT US",40.783333,-113.116667,1402.7,1919-04-30,1911-07-08
GHCND:USC00425217,"LOWDER RANGER STATION, UT US",37.666667,-112.783333,2895.6,1930-09-30,1916-07-01
GHCND:USC00425219,"LOWER AMERICAN FORK POWERHOUSE, UT US",40.43333,-111.75,1537.1,1957-05-31,1914-01-01
GHCND:USC00425229,"LOWER MILL CREEK POW, UT US",40.7,-111.78333,1513,1953-08-31,1913-12-01
GHCND:USC00425247,"LUND, UT US",38,-113.43333,1552,1967-11-30,1900-12-01
GHCND:USC00425252,"LYTLE RANCH, UT US",37.143,-114.0213,849.5,2025-06-04,1988-07-01
GHCND:USC00425268,"MAESER 9 NW, UT US",40.5602,-109.6641,1965.4,2009-12-19,1983-05-01
GHCND:USC00425330,"MAGNA ASARCO FARM, UT US",40.7,-112.1,1314.9,1957-10-31,1951-01-01
GHCND:USC00425352,"MAMMOTH RANGER STATION, UT US",39.7,-111.3,2623.1,1940-08-31,1896-02-01
GHCND:USC00425377,"MANILA, UT US",40.99,-109.7258,1948.6,2026-06-30,1910-04-01
GHCND:USC00425402,"MANTI, UT US",39.25826,-111.6307,1749.6,2026-09-13,1893-01-01
GHCND:USC00425406,"MANTI RADIO KMTI, UT US",39.27287,-111.65815,1675.8,2026-09-13,2016-08-01
GHCND:USC00425457,"MAPLEWOOD, UT US",40.133333,-111.55,1490.5,1935-05-31,1911-03-20
GHCND:USC00425465,"MARION, UT US",40.683333,-111.283333,1950.7,1913-04-25,1905-03-01
GHCND:USC00425477,"MARYSVALE, UT US",38.44923,-112.22398,1781.6,2023-08-31,1913-05-23
GHCND:USC00425483,"MARYSVALE 3, UT US",38.416667,-112.233333,1883.7,1913-03-31,1901-01-01
GHCND:USC00425488,"MARYSVALE CRYSTAL MINE, UT US",40.35,-112.3,2743.2,1900-07-19,1899-03-01
GHCND:USC00425530,"MCCORNICK, UT US",39.216667,-112.416667,1478.3,1929-07-31,1911-05-27
GHCND:USC00425582,"MEXICAN HAT, UT US",37.1497,-109.8675,1252.4,2019-02-28,1940-07-01
GHCND:USC00425607,"MIDLAKE, UT US",41.21667,-112.63333,1286.9,1981-09-30,1911-03-01
GHCND:USC00425610,"MIDVALE, UT US",40.6,-111.91667,1324.1,1971-11-26,1911-10-01
GHCND:USC00425654,"MILFORD, UT US",38.40168,-113.01624,1526.7,2026-09-07,1928-01-01
GHCND:USC00425699,"MILLS, UT US",39.333333,-112.083333,1496.9,1920-12-31,1912-06-05
GHCND:USC00425705,"MILLVILLE, UT US",41.683333,-111.85,1402.1,1924-11-30,1899-04-01
GHCND:USC00425723,"MINERSVILLE, UT US",38.2163,-112.9211,1609.3,2013-04-30,1897-02-01
GHCND:USC00425733,"MOAB, UT US",38.57447,-109.54583,1235.4,2024-09-30,1893-01-01
GHCND:USC00425795,"CEDAR POINT, UT US",37.7158,-109.0827,2060.4,1956-12-31,1946-04-01
GHCND:USC00425805,"MONTICELLO 2 E, UT US",37.87361,-109.3075,2078.7,2011-03-22,1902-04-01
GHCND:USC00425807,"MONTICELLO NUMBER 2, UT US",37.8676,-109.3513,2159.8,2026-09-14,2011-06-01
GHCND:USC00425810,"MONUMENT VALLEY GOUL, UT US",37.01667,-110.2,1597.2,1960-02-29,1956-05-12
GHCND:USC00425812,"MONUMENT VLY MISSION, UT US",37.01667,-110.21667,1615.4,1989-12-31,1961-08-01
GHCND:USC00425815,"MOON LAKE, UT US",40.56173,-110.49252,2476.5,2026-09-14,1935-07-04
GHCND:USC00425826,"MORGAN, UT US",41.03654,-111.6712,1546.9,2026-09-03,1903-01-01
GHCND:USC00425837,"MORONI, UT US",39.5266,-111.5872,1700.8,2026-07-31,1908-05-01
GHCND:USC00425847,"MOSIDA, UT US",40.183333,-111.916667,1402.1,1924-08-18,1911-07-23
GHCND:USC00425892,"MOUNTAIN DELL DAM, UT US",40.74853,-111.72323,1652,2026-09-13,1920-01-05
GHCND:USC00425897,"MOUNTAIN HOME, UT US",40.383333,-110.4,2097,1918-08-31,1912-05-02
GHCND:USC00425900,"MOUNTAIN RANCH RANGER STATION, UT US",38.9,-111.566667,2133.6,1928-09-30,1916-07-08
GHCND:USC00425906,"MOUNT BALDY RANGER STATION, UT US",39.13333,-111.5,2898,1938-09-30,1923-07-01
GHCND:USC00425921,"ALTAMONT, UT US",40.31667,-110.26667,1955,1953-05-31,1948-09-01
GHCND:USC00425930,"MOUNT PLEASANT, UT US",39.55,-111.466667,1785.8,1910-05-31,1894-03-01
GHCND:USC00425958,"MURDOCK POWERHOUSE, UT US",40.6,-111.4,1820.9,1958-10-31,1949-10-01
GHCND:USC00425963,"MURRAY, UT US",40.65,-111.9,1313.7,1929-05-31,1924-01-01
GHCND:USC00425969,"MYTON, UT US",40.19404,-110.06087,1549.9,2026-07-31,1915-08-27
GHCND:USC00425971,"MYTON 3 N, UT US",40.23333,-110.06667,1626.1,1976-03-24,1975-09-01
GHCND:USC00425974,"MYTON SOUTH BENCH, UT US",40.15,-110.06667,1623.1,1976-05-31,1975-10-01
GHCND:USC00425982,"NADA, UT US",38.15,-113.25,1542.9,1936-05-31,1914-07-01
GHCND:USC00426053,"NATURAL BRIDGES N.M., UT US",37.6094,-109.9772,1983.6,2026-09-14,1965-06-17
GHCND:USC00426076,"NAVAJO MOUNTAIN, UT US",37.01667,-110.8,1836.1,1975-04-30,1956-11-13
GHCND:USC00426123,"NEOLA, UT US",40.41773,-110.05115,1798.3,2026-09-13,1956-04-26
GHCND:USC00426135,"NEPHI, UT US",39.71203,-111.83198,1568.5,2026-07-31,1904-06-01
GHCND:USC00426140,"NEPHI 5 SSW, UT US",39.65,-111.86667,1598.1,1941-08-31,1906-02-01
GHCND:USC00426170,"NEWCASTLE, UT US",37.666667,-113.55,1569.7,1926-03-31,1911-02-14
GHCND:USC00426181,"NEW HARMONY, UT US",37.4637,-113.2896,1574.9,2026-09-14,1911-06-13
GHCND:USC00426340,"NUTTER S RANCH, UT US",39.80823,-110.25705,1764.8,2026-09-14,1963-08-01
GHCND:USC00426357,"OAK CITY, UT US",39.37089,-112.33159,1575.5,2026-09-13,1905-03-01
GHCND:USC00426400,"OGDEN 2, UT US",41.2,-111.95,1360,1940-11-30,1893-01-16
GHCND:USC00426404,"OGDEN PIONEER PH, UT US",41.2439,-111.9466,1325.9,2010-09-30,1902-01-01
GHCND:USC00426405,"OGDEN NE BENCH, UT US",41.24596,-111.93726,1393.5,2026-09-13,2011-01-01
GHCND:USC00426414,"OGDEN SUGAR FACTORY, UT US",41.23066,-112.02797,1304.5,2009-05-31,1924-09-01
GHCND:USC00426455,"OLMSTEAD PH, UT US",40.31578,-111.65416,1472.2,2003-08-31,1977-03-01
GHCND:USC00426534,"ORDERVILLE, UT US",37.2722,-112.6388,1664.2,2014-04-30,1910-03-01
GHCND:USC00426538,"OREM TREATMENT PLANT, UT US",40.2766,-111.7369,1374.6,2010-05-31,1982-08-01
GHCND:USC00426551,"ORRS RANCH, UT US",40.3,-112.75,1360,1949-04-30,1925-01-01
GHCND:USC00426558,"OTTER CREEK DAM, UT US",38.16667,-112.03333,1946.1,1981-06-30,1975-11-01
GHCND:USC00426560,"OTTER CREEK RESERVOIR, UT US",38.166667,-112,1905,1929-12-17,1925-04-21
GHCND:USC00426565,"OURAY 1 E, UT US",40.08333,-109.66667,1421,1976-02-29,1975-10-01
GHCND:USC00426568,"OURAY 4 NE, UT US",40.1345,-109.6435,1424.6,2024-09-30,1941-06-01
GHCND:USC00426590,"PAHREAH, UT US",37.25,-111.95,1219.2,1900-03-31,1895-01-01
GHCND:USC00426601,"PANGUITCH, UT US",37.82459,-112.4308,2016.3,2026-09-13,1904-05-01
GHCND:USC00426639,"SNYDERVILLE, UT US",40.70384,-111.53674,1976.6,1992-03-31,1991-10-01
GHCND:USC00426640,"PARIA RANGER STATION, UT US",37.10457,-111.90013,1349,2026-07-31,1999-02-01
GHCND:USC00426644,"PARK CITY, UT US",40.6557,-111.5054,2103.1,2026-09-12,1992-09-01
GHCND:USC00426648,"PARK CITY G.C., UT US",40.6599,-111.5155,2100.1,1991-06-30,1896-03-01
GHCND:USC00426650,"PARK CITY MEADOWS, UT US",40.68333,-111.5,2055.9,1980-04-30,1978-10-01
GHCND:USC00426651,"PARK CTY NORNDA MINE, UT US",40.63333,-111.5,2393.3,1982-04-06,1980-08-01
GHCND:USC00426652,"PARK CITY SUMMIT HOU, UT US",40.63333,-111.53333,2827,1977-12-31,1969-01-01
GHCND:USC00426658,"PARK VALLEY, UT US",41.8,-113.35,1658.1,1990-02-28,1911-04-29
GHCND:USC00426660,"PARK VALLEY MUDDY RANCH, UT US",41.71667,-113.6,1676.1,1982-05-27,1969-11-01
GHCND:USC00426686,"PARAGONAH, UT US",37.88307,-112.77124,1801.4,2026-09-14,1893-01-15
GHCND:USC00426708,"PARTOUN, UT US",39.6309,-113.8858,1456.9,2026-08-31,1905-02-01
GHCND:USC00426724,"PAYSON, UT US",40.03694,-111.74806,1411.2,1999-06-30,1904-04-21
GHCND:USC00426726,"PAYSON 1 SE, UT US",40.03333,-111.71667,1464,1984-09-30,1968-03-01
GHCND:USC00426750,"PELICAN POINT, UT US",40.283333,-111.866667,1402.1,1913-10-23,1911-04-10
GHCND:USC00426845,"PINECREST INN, UT US",40.816667,-111.733333,2067.2,1943-02-24,1916-10-01
GHCND:USC00426865,"PINE VALLEY, UT US",37.383333,-113.516667,1828.8,1920-12-24,1904-07-01
GHCND:USC00426867,"PINEVIEW, UT US",40.95,-111.15,1930.9,1923-07-31,1911-05-10
GHCND:USC00426869,"PINEVIEW DAM, UT US",41.25767,-111.83772,1505.7,2026-09-14,1935-01-12
GHCND:USC00426874,"PINTO, UT US",37.55,-113.516667,1800.5,1940-10-31,1897-02-01
GHCND:USC00426897,"PIUTE DAM, UT US",38.31667,-112.18333,1800.1,1971-05-31,1911-10-01
GHCND:USC00426910,"PLATEAU, UT US",38.583333,-111.833333,2133.6,1907-12-31,1902-04-01
GHCND:USC00426915,"PLEASANT CREEK POWER, UT US",39.53333,-111.36667,2104.9,1967-02-28,1956-01-01
GHCND:USC00426919,"PLEASANT GROVE, UT US",40.36786,-111.73447,1429.5,2026-08-12,1946-09-01
GHCND:USC00426938,"PLYMOUTH, UT US",41.87402,-112.1487,1362.5,2026-08-31,1940-01-01
GHCND:USC00427015,"PRICE GAME FARM, UT US",39.61667,-110.83333,1702,1968-08-31,1889-01-01
GHCND:USC00427026,"PRICE BLM, UT US",39.59912,-110.81888,1688.6,2017-11-30,1968-09-01
GHCND:USC00427050,"PROMONTORY 1, UT US",41.616667,-112.566667,1495.7,1913-12-26,1896-01-18
GHCND:USC00427052,"PROMONTORY, UT US",41.25778,-112.49222,1284.7,1994-12-31,1981-10-01
GHCND:USC00427061,"PROVO AIRPORT, UT US",40.21889,-111.72333,1370.7,2026-09-12,1948-07-01
GHCND:USC00427064,"PROVO BYU, UT US",40.2458,-111.6508,1392.9,2026-09-13,1916-04-01
GHCND:USC00427068,"PROVO RADIO KAYK, UT US",40.21667,-111.66667,1363.1,1977-02-08,1952-04-01
GHCND:USC00427155,"RANCH, UT US",37.283333,-112.333333,2042.2,1914-11-30,1902-01-01
GHCND:USC00427165,"RANDOLPH, UT US",41.66077,-111.1869,1917.2,2026-09-14,1893-03-01
GHCND:USC00427185,"RED BUTTE 1, UT US",40.76667,-111.83333,1498.1,1933-04-30,1911-11-06
GHCND:USC00427220,"DUGWAY 7 N ORR RANCH, UT US",40.3,-112.73333,1434.1,1970-11-30,1968-12-11
GHCND:USC00427255,"REVERE, UT US",40.583333,-112.083333,1544.1,1916-10-31,1911-06-01
GHCND:USC00427260,"RICHFIELD RADIO KSVC, UT US",38.76165,-112.07772,1610.9,2026-07-31,1893-01-01
GHCND:USC00427271,"RICHMOND, UT US",41.9063,-111.81,1426.5,2026-07-31,1911-10-01
GHCND:USC00427318,"RIVERDALE, UT US",41.15,-112,1341.1,1991-02-28,1914-01-19
GHCND:USC00427343,"RIVERTON, UT US",40.51667,-111.98333,1421,1968-09-30,1965-10-01
GHCND:USC00427395,"ROOSEVELT RADIO, UT US",40.28748,-109.95896,1528,2025-02-06,1948-07-14
GHCND:USC00427408,"ROSETTE, UT US",41.82019,-113.41428,1735.8,2026-09-14,1990-07-01
GHCND:USC00427415,"ROUND VALLEY, UT US",39.083333,-112.066667,1737.4,1922-08-31,1914-10-01
GHCND:USC00427421,"ROWLEY PUMP STATION, UT US",40.8,-112.61667,1283.2,1986-05-31,1985-01-01
GHCND:USC00427438,"ROZELL, UT US",41.55,-112.666667,1398.1,1919-06-30,1916-09-01
GHCND:USC00427450,"RUBY S INN, UT US",37.666667,-112.166667,2377.4,1928-07-25,1916-07-27
GHCND:USC00427501,"SAHARA, UT US",38,-113.45,1587.7,1915-08-31,1913-04-20
GHCND:USC00427516,"ST. GEORGE, UT US",37.119,-113.6068,870.8,2026-09-14,1893-01-01
GHCND:USC00427525,"ST. JOHN, UT US",40.366667,-112.416667,1528.9,1929-05-31,1911-05-01
GHCND:USC00427540,"SALDURO, UT US",40.733333,-113.866667,1286.6,1926-08-19,1920-11-01
GHCND:USC00427557,"SALINA, UT US",38.9594,-111.8547,1561.5,2011-08-31,1923-10-01
GHCND:USC00427559,"SALINA 24 E, UT US",38.91289,-111.41647,2304.3,2026-08-31,1986-07-01
GHCND:USC00427565,"SALINE, UT US",41.21667,-112.48333,1289.9,1968-10-31,1966-06-01
GHCND:USC00427576,"SALTAIR, UT US",40.78333,-112.16667,1284.1,1942-11-30,1903-07-01
GHCND:USC00427578,"SALTAIR SALT PLANT, UT US",40.76667,-112.11667,1283.2,1991-08-31,1956-05-07
GHCND:USC00427582,"SALT CREEK, UT US",39.716667,-111.733333,1752.6,1926-09-30,1919-08-01
GHCND:USC00427606,"SALT LAKE TRIAD CENTER, UT US",40.7708,-111.8963,1304.5,2020-06-08,1985-05-01
GHCND:USC00427608,"SALT LAKE CITY SUBURBAN SEWAGE PLANT, UT US",40.7,-111.91667,1293,1978-12-31,1966-08-01
GHCND:USC00427655,"SALT LAKE CITY E BENCH, UT US",40.73639,-111.81722,1478.3,2005-01-31,1990-06-01
GHCND:USC00427661,"SANDY RANCH, UT US",38.1,-111.05,1615.4,1988-09-30,1963-08-01
GHCND:USC00427686,"SANTAQUIN CHLORINATOR, UT US",39.9578,-111.7794,1572.8,2026-09-01,1914-01-01
GHCND:USC00427714,"SCIPIO, UT US",39.2454,-112.1066,1619.7,2026-09-13,1895-06-01
GHCND:USC00427720,"SCOFIELD, UT US",39.71667,-111.15,2354.9,1984-05-31,1893-01-01
GHCND:USC00427724,"SCOFIELD DAM, UT US",39.78554,-111.11922,2331.7,2026-09-14,1948-07-01
GHCND:USC00427729,"SCOFIELD SKYLINE MINE, UT US",39.68414,-111.20532,2650.8,2026-08-31,1984-07-01
GHCND:USC00427735,"SELLS, UT US",40.4,-112.75,1341.1,1920-12-31,1919-02-01
GHCND:USC00427740,"SEVIER BRIDGE DAM, UT US",39.383333,-112.033333,1517.9,1932-09-30,1922-06-01
GHCND:USC00427742,"SEVIER NEAR, UT US",38.583333,-112.35,1798.3,1927-08-31,1925-03-08
GHCND:USC00427744,"SEVERE RANCH, UT US",40.33333,-112.73333,1342,1951-02-28,1949-08-01
GHCND:USC00427747,"SEVIER DRY LAKE, UT US",38.73333,-113.21667,1378.9,1993-04-30,1987-10-01
GHCND:USC00427753,"SHIFTING SANDS RANCH, UT US",38.06667,-111.06667,1673.4,1992-07-31,1988-12-01
GHCND:USC00427800,"SIGURD U P AND L, UT US",38.85,-112,1618.5,1995-07-31,1980-05-01
GHCND:USC00427835,"SILVER CITY, UT US",39.916667,-112.133333,1867.5,1917-05-31,1910-01-01
GHCND:USC00427846,"SILVER LAKE BRIGHTON, UT US",40.6012,-111.58393,2664,2026-09-13,1915-07-03
GHCND:USC00427850,"SINGLETREE, UT US",38.233333,-111.366667,2011.7,1894-12-31,1893-03-04
GHCND:USC00427885,"SMITHFIELD, UT US",41.833333,-111.916667,1383.2,1930-07-31,1924-09-01
GHCND:USC00427895,"SMITHVILLE, UT US",39.283333,-113.983333,1371.6,1901-11-30,1900-12-01
GHCND:USC00427909,"SNAKE CREEK POWERHOUSE, UT US",40.5452,-111.5041,1831.8,2026-09-14,1913-12-01
GHCND:USC00427924,"SNOW BASIN, UT US",41.21667,-111.85,1958,1984-03-31,1981-07-01
GHCND:USC00427927,"SNOWBIRD, UT US",40.58333,-111.66667,2471,1979-04-30,1977-06-01
GHCND:USC00427931,"SNOWVILLE, UT US",41.96667,-112.71667,1389.9,1991-10-31,1893-01-01
GHCND:USC00427942,"SNYDERVILLE, UT US",40.70384,-111.53674,1976.6,2026-07-31,1993-01-01
GHCND:USC00427952,"SOLDIER CREEK SVM, UT US",39.95,-111.23333,1848,1957-07-31,1956-01-01
GHCND:USC00427955,"SOLDIER CREEK, UT US",40.18333,-111.03333,2318,1973-01-31,1968-11-01
GHCND:USC00427959,"SOLDIER SUMMIT, UT US",39.9292,-111.0794,2283,2002-06-30,1893-05-01
GHCND:USC00428070,"SOUTH FORK RANGER STATION, UT US",40.45,-111.666667,1866.9,1928-08-14,1916-07-01
GHCND:USC00428114,"SPANISH FORK 1 S, UT US",40.1,-111.66667,1409.1,1959-12-31,1950-06-01
GHCND:USC00428119,"SPANISH FORK POWER HOUSE, UT US",40.08003,-111.6046,1438.7,2026-09-13,1909-07-01
GHCND:USC00428240,"STANDROD, UT US",41.98333,-113.26667,1708.1,1942-05-31,1910-01-01
GHCND:USC00428369,"STRAWBERRY DANIELS S, UT US",40.3,-111.25,2439.9,1948-12-31,1935-11-01
GHCND:USC00428370,"STRAWBERRY HIGHWAY STATION, UT US",40.25,-111.15,2349.1,1968-10-21,1962-04-19
GHCND:USC00428371,"STRAWBERRY HIGHWAY STATION, UT US",40.2411,-111.1527,2328.7,1984-10-31,1954-03-01
GHCND:USC00428376,"STRWBERY RES E PRTAL, UT US",40.16667,-111.18333,2321.1,1977-10-31,1956-05-01
GHCND:USC00428385,"STRAWBERRY TUNNEL WEST, UT US",40.15,-111.233333,2301.2,1913-10-15,1909-01-01
GHCND:USC00428456,"SUMMIT, UT US",37.80134,-112.93787,1815.1,2026-08-29,1951-11-21
GHCND:USC00428465,"SUNDANCE, UT US",40.3913,-111.5766,2017.8,2008-09-30,1996-04-01
GHCND:USC00428474,"SUNNYSIDE, UT US",39.56667,-110.36667,2068.1,1988-07-31,1905-02-01
GHCND:USC00428476,"SUNNYSIDE CITY, UT US",39.5512,-110.3897,1984.6,2026-09-13,2008-09-01
GHCND:USC00428478,"SUNNYSIDE CITY CENT, UT US",39.5516,-110.3852,1990.3,2008-08-31,1988-10-01
GHCND:USC00428555,"TABIONA 1 SE, UT US",40.33333,-110.7,1972.7,1985-04-30,1982-01-01
GHCND:USC00428600,"TEASDALE, UT US",38.3,-111.416667,2084.8,1920-01-26,1895-01-01
GHCND:USC00428631,"TERMINAL, UT US",40.75,-112,1289.9,1972-04-30,1940-06-01
GHCND:USC00428640,"TERRACE, UT US",41.5,-113.55,1386.8,1904-08-31,1899-07-01
GHCND:USC00428668,"THIOKOL PROPULSION F S, UT US",41.7197,-112.4264,1402.1,2009-12-31,1962-06-01
GHCND:USC00428672,"THISTLE, UT US",39.98333,-111.5,1539.8,1913-05-31,1893-04-23
GHCND:USC00428674,"THISTLE 3 N, UT US",40.03333,-111.51667,1503.9,1947-08-31,1914-09-02
GHCND:USC00428676,"THISTLE 2 SW, UT US",39.96667,-111.51667,1585.9,1979-10-31,1975-07-01
GHCND:USC00428705,"THOMPSON WELCOME CENTER, UT US",38.95233,-109.68662,1547.5,2026-07-31,1911-05-01
GHCND:USC00428733,"TIMPANOGOS CAVE, UT US",40.44213,-111.71339,1679.4,2020-05-07,1946-12-01
GHCND:USC00428741,"TIMPIE, UT US",40.75,-112.65,1293,1966-05-31,1965-09-01
GHCND:USC00428771,"TOOELE, UT US",40.5352,-112.3218,1506.9,2026-09-13,1896-03-01
GHCND:USC00428780,"TOPAZ, UT US",39.433333,-112.75,1392.9,1944-12-31,1942-11-01
GHCND:USC00428785,"TOQUERVILLE, UT US",37.25,-113.283333,1002.8,1942-04-30,1940-11-01
GHCND:USC00428817,"TREMONTON, UT US",41.7108,-112.1636,1313.7,2010-04-30,1913-04-02
GHCND:USC00428828,"TRENTON, UT US",41.91531,-111.9113,1357.9,2026-09-07,1944-04-01
GHCND:USC00428847,"TROPIC, UT US",37.62583,-112.08111,1914.1,1999-08-31,1893-01-01
GHCND:USC00428852,"TROUT CREEK RANGER STATION, UT US",40.766667,-109.633333,2804.2,1930-08-31,1910-06-01
GHCND:USC00428885,"UINTAH, UT US",41.15,-111.91667,1473.1,1960-04-30,1940-11-15
GHCND:USC00428900,"UINTALANDS, UT US",40.95,-110.8,2560.3,1989-04-30,1977-12-01
GHCND:USC00428902,"UINTALANDS JACKSON, UT US",40.93333,-110.83333,2502.4,1991-07-31,1989-05-12
GHCND:USC00428922,"UNIVERSITY OF UTAH, UT US",40.76667,-111.83333,1463,1990-03-30,1913-12-01
GHCND:USC00428939,"UPPER AMERCN FORK PH, UT US",40.43778,-111.72361,1624.6,1986-05-31,1957-09-27
GHCND:USC00428973,"UTAH LAKE LEHI, UT US",40.3603,-111.8972,1373.1,2026-09-13,1904-06-01
GHCND:USC00428978,"UTAH TEST RANGE, UT US",41.0498,-112.9367,1353.3,2026-09-13,1989-09-01
GHCND:USC00429045,"VALLEY OF THE GODS, UT US",37.2681,-109.9272,1611.5,2026-09-13,2015-04-01
GHCND:USC00429050,"VERDURE, UT US",37.783333,-109.35,2072.6,1909-08-31,1907-01-01
GHCND:USC00429111,"VERNAL, UT US",40.44002,-109.53547,1629.2,2026-07-31,1894-11-01
GHCND:USC00429133,"VERNON, UT US",40.0986,-112.48064,1663.6,2026-09-14,1953-08-01
GHCND:USC00429136,"VEYO POWERHOUSE, UT US",37.3522,-113.6666,1402.1,2017-11-30,1957-08-27
GHCND:USC00429140,"VICTOR, UT US",39.4,-110.683333,1600.2,1922-08-31,1911-06-04
GHCND:USC00429152,"WAH WAH RANCH, UT US",38.483,-113.4263,1487.4,2008-06-30,1955-08-13
GHCND:USC00429165,"WANSHIP DAM, UT US",40.7908,-111.4077,1810.5,2026-08-17,1955-08-01
GHCND:USC00429175,"WARNER RANGER STATION, UT US",38.516667,-109.266667,2880.4,1921-08-30,1916-06-01
GHCND:USC00429302,"WASHINGTON GROVE, UT US",40.75,-111.71667,1692.9,1942-10-31,1941-12-01
GHCND:USC00429320,"WATSON NEAR, UT US",39.85,-109.183333,1892.8,1928-12-31,1908-03-01
GHCND:USC00429346,"WEBER BASIN PUMP PLANT 3, UT US",41.1091,-111.9125,1493.5,2026-08-05,1962-05-02
GHCND:USC00429365,"WELLINGTON, UT US",39.533333,-110.716667,1650.5,1942-04-30,1900-02-03
GHCND:USC00429368,"WELLINGTON 3 E, UT US",39.53168,-110.73473,1641.3,2026-09-13,1980-06-01
GHCND:USC00429383,"WENDOVER 1 SSW, UT US",40.7294,-114.0382,1293.6,2018-06-23,2013-08-01
GHCND:USC00429419,"WEST DESERT PUMP STATION, UT US",41.25,-113.08333,1292.4,1989-08-31,1987-11-01
GHCND:USC00429468,"WHEELER FARM, UT US",40.63722,-111.86222,1335,2000-03-31,1996-01-01
GHCND:USC00429490,"WHITE ROCKS, UT US",40.45,-109.933333,1789.2,1914-09-30,1912-01-01
GHCND:USC00429491,"WHITEROCKS 9 N, UT US",40.61306,-109.92861,2243.6,2024-05-06,2024-01-01
GHCND:USC00429514,"WIDTSOE 3 NNE, UT US",37.8747,-111.973,2298.2,2005-04-30,1912-03-01
GHCND:USC00429560,"WILLIAMS RANCH, UT US",40.33333,-112.71667,1412.1,1968-09-30,1960-06-02
GHCND:USC00429575,"WILLOW SPRINGS CIVILIAN CONSERVATION CORPS CAMP G 158, UT US",38.716667,-111.283333,1676.4,1942-04-30,1940-12-01
GHCND:USC00429595,"WOODRUFF, UT US",41.51479,-111.15948,1924.8,2026-09-09,1897-01-01
GHCND:USC00429629,"WOODSIDE, UT US",39.26667,-110.35,1414.9,1958-12-18,1911-04-01
GHCND:USC00429675,"YELLOW PINE, UT US",39,-111.333333,2529.8,1919-10-11,1916-09-01
GHCND:USC00429679,"YELLOWSTONE GS, UT US",40.55,-110.33333,2334.5,1941-10-31,1930-07-10
GHCND:USC00429717,"ZION NATIONAL PARK, UT US",37.2091,-112.9814,1230.8,2026-08-31,1904-01-01
GHCND:USC00429725,"ZION PARK LODGE, UT US",37.25,-112.95,1310,1930-09-30,1928-07-01
GHCND:USR0000AQUA,"AQUA CANYON BRYCE CANYON NP., UT US",37.5222,-112.2711,2438.4,2026-09-12,1990-06-04
GHCND:USR0000ARAG,"ARAGONITE UTAH, UT US",40.5983,-113.0217,1533.1,2026-09-12,1997-06-26
GHCND:USR0000ASSA,"ASSAY HATCH 10 SW, UT US",37.5167,-112.5556,2468.9,2026-09-12,1983-06-20
GHCND:USR0000BADG,"BADGER SPRING IVINS 14 W UTAH, UT US",37.1697,-113.94970000000001,1216.2,2026-09-12,1991-06-24
GHCND:USR0000BARN,"BARNEY RESERVOIR ESCALANTE 1, UT US",37.6131,-111.4208,1679.4,1997-02-26,1991-06-24
GHCND:USR0000BEAR,"BEAR RIVER UTAH, UT US",40.8844,-110.8292,2601.8,2026-09-12,1999-06-18
GHCND:USR0000BIGI,"BIG INDIAN VALLEY LASAL 6 S U, UT US",38.2244,-109.2783,2121.4,2026-09-12,1987-09-02
GHCND:USR0000BKTL,"BLACKTAIL UTAH, UT US",40.2692,-110.5622,2246.1,2026-09-12,2002-05-14
GHCND:USR0000BLAC,"BLACK CEDAR FILMORE 5 E UTAH, UT US",38.9792,-112.2394,1975.1,2026-09-12,1987-05-07
GHCND:USR0000BRIM,"BRIMSTONE RES. MILFORD 20 WSW, UT US",38.3083,-113.3847,1713,2026-09-12,1987-09-02
GHCND:USR0000BRUN,"BRUIN POINT SUNNYSIDE 6 NNE U, UT US",39.6097,-110.2944,3109,2026-09-12,1991-06-24
GHCND:USR0000BRYC,"BRYCE CANYON UTAH, UT US",37.6417,-112.1722,2394.2,2026-09-12,2003-01-06
GHCND:USR0000BRYS,"BRYSON CANYON UTAH, UT US",39.2933,-109.2372,1621.5,2026-09-08,1987-09-03
GHCND:USR0000BUCF,"BUCK FLAT ESCALANTE 10 NW UTA, UT US",37.9033,-111.6914,2438.4,2026-09-12,1990-04-09
GHCND:USR0000BUES,"BUES CANYON UTAH, UT US",41.15,-111.9167,1554.5,2026-09-12,1983-08-22
GHCND:USR0000CART,"CART CREEK UTAH, UT US",40.8847,-109.4122,2103.1,2026-09-12,1985-07-19
GHCND:USR0000CEDM,"CEDAR MOUNTAINS STOCKTON 24 W, UT US",40.3008,-112.7764,1219.2,2026-09-12,1984-07-26
GHCND:USR0000CHEP,"CHEPETA UTAH, UT US",40.8111,-110.07470000000001,3694.2,2023-01-14,1998-09-26
GHCND:USR0000COTT,"COTTONWOOD WASH UTAH, UT US",39.8358,-109.5811,1706.9,1997-08-05,1983-11-01
GHCND:USR0000CRAT,"CRATER KNOLL BEAVER 14 NNW UT, UT US",38.4658,-112.7153,2185.4,1997-06-25,1991-06-24
GHCND:USR0000DIAM,"DIAMOND RIM, UT US",40.6172,-109.2428,1676.4,2026-09-12,1983-11-01
GHCND:USR0000ENSI,"ENSIGN BOUNTIFUL 5 NE, UT US",40.8,-111.9167,1709,1997-07-18,1983-06-20
GHCND:USR0000ENTR,"ENTERPRISE UTAH, UT US",37.5586,-113.7172,1627.6,2026-09-12,2001-06-17
GHCND:USR0000FIVE,"FIVE MILE DUCHESNE 18 SSE UTA, UT US",39.881100000000004,-110.2658,2438.4,2026-09-12,1991-06-24
GHCND:USR0000FTOP,"FLATTOP MOUNTAIN CLEVELAND 1, UT US",39.3375,-110.6,1865.4,2026-09-12,1987-10-16
GHCND:USR0000HEWI,"HEWINTA UTAH, UT US",40.9528,-110.4806,1981.2,2026-09-12,1984-07-31
GHCND:USR0000HORR,"HORSE RIDGE UTAH, UT US",39.9336,-110.8617,2584.7,2026-09-12,1992-04-27
GHCND:USR0000HORS,"HORSE HOLLOW COVE FORT 5 W UT, UT US",38.6667,-112.6508,1831.8,2026-09-12,1990-09-10
GHCND:USR0000JENS,"JENSEN SPRING BERYL 12 NNE, UT US",38.0333,-113.5167,1750.8,2026-09-12,1983-06-20
GHCND:USR0000JOES,"JOES VALLEY UTAH, UT US",39.3094,-111.3228,2651.8,2026-09-12,1999-06-08
GHCND:USR0000KANE,"KANE GULCH BLANDING 23 WSW, UT US",37.5264,-109.8936,2011.7,2026-09-12,1991-06-24
GHCND:USR0000KING,"KINGS POINT DUTCH JOHN 16 ESE, UT US",40.8606,-109.1022,1728.2,2026-09-12,1985-09-25
GHCND:USR0000LAVA,"LAVA POINT UTAH, UT US",37.3917,-113.0389,2347,2026-09-12,1995-07-31
GHCND:USR0000LOST,"LOST CREEK SALINA 12 S UTAH, UT US",38.7708,-111.8625,2283,2026-09-12,1990-09-10
GHCND:USR0000MCCO,"MCCOOK RIDGE, UT US",39.6339,-109.2658,2133.6,2026-09-12,1983-06-23
GHCND:USR0000MINE,"MINERS DRAW JENSEN 13 W UTAH, UT US",40.3764,-109.0847,2478,1997-09-23,1987-10-16
GHCND:USR0000MUDS,"MUD SPRING EUREKA 13 SW UTAH, UT US",39.7986,-112.2722,1755.6,2026-09-12,1990-09-10
GHCND:USR0000MUSK,"MUSKRAT SPRINGS DELLE 10 SSE, UT US",40.6344,-112.6836,1341.1,2000-03-22,1990-09-10
GHCND:USR0000NLPT,"NORTH LONG POINT UTAH, UT US",37.8547,-109.8389,2645.7,2026-09-12,1997-08-14
GHCND:USR0000NORW,"NORWAY KAMAS 10 W UTAH, UT US",40.6517,-111.0519,2523.7,2026-09-12,1983-08-10
GHCND:USR0000OTTE,"OTTER CREEK UTAH, UT US",41.7533,-111.2806,2182.4,2026-09-12,2002-11-19
GHCND:USR0000PARI,"PARIETTE DRAW, UT US",40.0694,-109.8569,1456.9,2000-06-22,1992-12-08
GHCND:USR0000PLGV,"PLEASANT GROVE UTAH, UT US",40.4311,-111.75,1585,2026-09-12,1997-06-03
GHCND:USR0000RAYS,"RAY S VALLEY UTAH, UT US",40.1178,-111.2747,2225,2026-09-12,1996-05-23
GHCND:USR0000REDD,"RED DOME ROSETTE 22 S, UT US",41.5311,-113.4211,1438.7,1998-02-03,1987-09-02
GHCND:USR0000ROSE,"ROSEBUD UTAH, UT US",41.6097,-113.5906,1520,2026-09-12,2002-11-18
GHCND:USR0000SAND,"UPPER SAND WASH UTAH, UT US",39.7136,-109.4461,1920.2,2026-09-12,1983-11-01
GHCND:USR0000SEGO,"SEGO CANYON THOMPSON 10 N UTA, UT US",39.125,-109.7056,2438.4,1997-04-21,1991-06-24
GHCND:USR0000SEVI,"SEVIER RESERVOIR SCIPIO 9 NNE, UT US",39.35,-112,1624.6,2026-09-12,1987-09-02
GHCND:USR0000SIGN,"SIGNAL PEAK MONROE 5 E UTAH, UT US",38.6319,-112.0611,2667,2026-09-12,1983-06-20
GHCND:USR0000SIMP,"SIMPSON SPRINGS VERNON 18 W, UT US",40.0922,-112.7342,1493.5,1997-03-12,1990-09-10
GHCND:USR0000SKUN,"SKUNK RIDGE DELLE 8 NW, UT US",40.875,-112.875,1386.8,1997-03-13,1987-08-18
GHCND:USR0000TELE,"TELEGRAPH FLAT KANAB 17 E UTA, UT US",37.2,-112.025,1664.2,2026-09-12,1987-09-03
GHCND:USR0000TOMB,"TOM BEST SPRING UTAH, UT US",37.8167,-112.1167,2286,2026-09-12,1998-06-08
GHCND:USR0000TULE,"TULE VALLEY DELTA 49 W UTAH, UT US",39.35,-113.3847,1585,2026-09-12,1987-09-02
GHCND:USR0000UGB1,"GREENVILLE BENCH SAND HOLLOW, UT US",38.1964,-112.6619,1914.1,2010-08-22,2002-11-22
GHCND:USR0000UPRC,"UPPER P.R. CANYON UTAH, UT US",39.4678,-109.2836,2499.4,2026-09-12,1983-06-22
GHCND:USR0000VERN,"VERNON VERNON 10 N UTAH, UT US",40.0989,-112.4269,1676.4,2026-09-12,1990-09-10
GHCND:USR0000WEFK,"WEST FORK HANNA 11 NW, UT US",40.465,-110.9583,2560.3,1996-05-20,1983-07-29
GHCND:USS0009J01S,"KING S CABIN, UT US",40.72,-109.54,2659.1,2026-09-13,1978-09-30
GHCND:USS0009J05S,"MOSBY MOUNTAIN, UT US",40.61,-109.89,2898.6,2026-09-13,1978-09-30
GHCND:USS0009J08S,"HICKERSON PARK, UT US",40.91,-109.96,2787.4,2026-09-13,1985-09-16
GHCND:USS0009J16S,"TROUT CREEK, UT US",40.74,-109.67,2901.1,2026-09-13,1978-09-30
GHCND:USS0009K01S,"EAST WILLOW CREEK, UT US",39.31,-109.53,2530.1,2026-09-13,1986-08-05
GHCND:USS0009L01S,"LASAL MOUNTAIN LOWER, UT US",38.48,-109.29,2689.9,2026-09-13,2012-05-16
GHCND:USS0009L03S,"LASAL MOUNTAIN, UT US",38.48,-109.27,2913.9,2026-09-13,1980-09-29
GHCND:USS0009M01S,"BUCKBOARD FLAT, UT US",37.87,-109.45,2742.6,2026-09-13,2012-05-18
GHCND:USS0009M02S,"CAMP JACKSON, UT US",37.81,-109.49,2733.4,2026-09-13,1985-09-30
GHCND:USS0010J01S,"HOLE IN ROCK, UT US",40.92,-110.19,2788.9,2026-09-13,1985-09-17
GHCND:USS0010J04S,"HEWINTA, UT US",40.95,-110.48,2901.4,2026-09-13,1985-09-18
GHCND:USS0010J06S,"BURTS MILLER RANCH, UT US",40.98,-110.85,2438.4,2026-09-13,2009-06-25
GHCND:USS0010J10S,"LAKEFORK NUMBER 1, UT US",40.6,-110.43,3174.5,2026-09-13,1978-09-30
GHCND:USS0010J12S,"LAKEFORK NUMBER 3, UT US",40.55,-110.35,2579.8,2026-09-13,2009-08-17
GHCND:USS0010J17S,"BEAR RIVER RANGER STATION, UT US",40.89,-110.83,2675.2,2026-09-13,2010-09-30
GHCND:USS0010J18S,"ROCK CREEK, UT US",40.55,-110.69,2404.6,2026-09-13,1980-09-29
GHCND:USS0010J20S,"STEEL CREEK PARK, UT US",40.91,-110.5,3109,2026-09-13,1978-09-30
GHCND:USS0010J21S,"EF BLACKS FORK GS, UT US",40.88,-110.54,2852.9,2026-09-13,2010-10-21
GHCND:USS0010J22S,"BLACKS FORK JCT, UT US",40.96,-110.58,2703.6,2026-09-13,2010-10-22
GHCND:USS0010J23S,"BUCK PASTURE, UT US",40.84,-110.66,2956.6,2026-09-13,2011-11-22
GHCND:USS0010J25S,"LAKEFORK BASIN, UT US",40.74,-110.62,3342.4,2015-12-03,1979-09-18
GHCND:USS0010J26S,"FIVE POINTS LAKE, UT US",40.72,-110.47,3334.5,2026-09-13,1980-08-14
GHCND:USS0010J30S,"BROWN DUCK, UT US",40.58,-110.59,3230.9,2026-09-12,1978-09-30
GHCND:USS0010J35S,"LILY LAKE, UT US",40.86,-110.8,2790.7,2026-09-13,1980-09-30
GHCND:USS0010J43S,"CHEPETA, UT US",40.77,-110.01,3228.4,2026-09-13,1980-09-29
GHCND:USS0010J44S,"HAYDEN FORK, UT US",40.8,-110.88,2807.8,2026-09-13,1978-09-30
GHCND:USS0010J52S,"TRIAL LAKE, UT US",40.68,-110.95,3045.6,2026-09-13,1978-09-30
GHCND:USS0010J55S,"SPIRIT LK, UT US",40.84,-110.01,3119.6,2026-09-13,2009-09-14
GHCND:USS0010K01S,"INDIAN CANYON, UT US",39.89,-110.75,2796.5,2026-09-13,1979-03-22
GHCND:USS0010K02S,"WHITE RIVER NUMBER 1, UT US",39.96,-110.99,2633.8,2026-09-13,1978-09-30
GHCND:USS0010K06S,"TIMBERLINE, UT US",39.68,-110.43,2662.7,2026-09-13,2007-08-28
GHCND:USS0010M01S,"LONESOME BEAVER, UT US",38.08,-110.77,2956.6,2026-09-13,2014-10-15
GHCND:USS0010k05s,"CORRAL, UT US",39.66,-110.38,2486.9,2016-12-08,2013-06-25
GHCND:USS0011H01S,"KLONDIKE NARROWS, UT US",41.97,-111.6,2209.8,2026-09-13,2009-06-09
GHCND:USS0011H03S,"TONY GROVE RANGER STATION, UT US",41.89,-111.57,1930,2026-09-13,2009-06-07
GHCND:USS0011H07S,"GARDEN CITY SUMMIT, UT US",41.92,-111.47,2348.5,2026-09-13,2009-07-27
GHCND:USS0011H08S,"BEN LOMOND PEAK, UT US",41.38,-111.94,2438.4,2026-09-13,1978-09-30
GHCND:USS0011H21S,"HORSE RIDGE, UT US",41.31,-111.45,2487.2,2026-09-13,1978-09-30
GHCND:USS0011H25S,"LITTLE BEAR, UT US",41.41,-111.83,1994.6,2026-09-13,1978-09-30
GHCND:USS0011H30S,"BEN LOMOND TRAIL, UT US",41.38,-111.92,1776.7,2026-09-13,1980-09-29
GHCND:USS0011H31S,"KILFOIL CREEK, UT US",41.25,-111.41,2200.7,2026-09-13,2010-06-16
GHCND:USS0011H32S,"LOST CREEK RESV, UT US",41.22,-111.36,1853.8,2026-09-13,2010-06-14
GHCND:USS0011H36S,"TONY GROVE LAKE, UT US",41.9,-111.63,2582.9,2026-09-13,1978-09-30
GHCND:USS0011H37S,"BUG LAKE, UT US",41.68,-111.42,2423.2,2026-09-13,1978-09-30
GHCND:USS0011H55S,"DRY BREAD POND, UT US",41.41,-111.54,2545.1,2026-09-13,1978-09-30
GHCND:USS0011H57S,"MONTE CRISTO, UT US",41.47,-111.5,2731,2026-09-13,1978-09-30
GHCND:USS0011H58S,"TEMPLE FORK, UT US",41.79,-111.55,2257.3,2026-09-13,2001-11-04
GHCND:USS0011H59S,"LIGHTNING RIDGE, UT US",41.36,-111.49,2503.9,2026-09-13,2004-07-18
GHCND:USS0011H60S,"USU DOC DANIEL, UT US",41.86,-111.51,2520.7,2026-09-13,2007-07-10
GHCND:USS0011J01S,"CHALK CREEK NUMBER 1, UT US",40.85,-111.05,2741.1,2026-09-13,1978-09-30
GHCND:USS0011J02S,"CHALK CREEK NUMBER 2, UT US",40.89,-111.07,2486.6,2026-09-13,1978-09-30
GHCND:USS0011J06S,"REDDEN MINE LWR, UT US",40.67,-111.22,2590.8,2026-09-13,2012-08-07
GHCND:USS0011J08S,"STRAWBERRY DIVIDE, UT US",40.16,-111.21,2475.9,2026-09-13,1978-09-30
GHCND:USS0011J11S,"FARMINGTON, UT US",40.99,-111.82,2438.4,2026-09-13,1978-09-30
GHCND:USS0011J12S,"FARMINGTON LOWER, UT US",40.97,-111.81,2066.2,2026-09-13,2003-11-19
GHCND:USS0011J21S,"TIMPANOGOS DIVIDE, UT US",40.43,-111.62,2481.1,2026-09-13,1978-09-30
GHCND:USS0011J22S,"HOBBLE CREEK, UT US",40.19,-111.36,2255.2,2026-09-13,2012-08-12
GHCND:USS0011J23S,"DANIELS STRAWBERRY, UT US",40.3,-111.26,2449.7,2026-09-13,1978-09-30
GHCND:USS0011J32S,"CURRANT CREEK, UT US",40.36,-111.09,2438.4,2026-09-13,1978-09-30
GHCND:USS0011J37S,"HARDSCRABBLE, UT US",40.87,-111.72,2209.8,2026-09-13,1993-09-30
GHCND:USS0011J42S,"SNOWBIRD, UT US",40.56,-111.66,2938.3,2026-09-13,1989-08-22
GHCND:USS0011J46S,"BEAVER DIVIDE, UT US",40.61,-111.1,2523.7,2026-09-13,1978-09-30
GHCND:USS0011J52S,"PARLEY S SUMMIT, UT US",40.76,-111.63,2286,2026-09-13,1978-09-30
GHCND:USS0011J53S,"SMITH AND MOREHOUSE, UT US",40.79,-111.12,2316.5,2026-09-13,1978-09-30
GHCND:USS0011J56S,"THAYNES CANYON, UT US",40.62,-111.53,2813.3,2026-09-12,1988-06-19
GHCND:USS0011J57S,"BRIGHTON, UT US",40.6,-111.58,2667,2026-09-13,1986-09-23
GHCND:USS0011J64S,"LOOKOUT PEAK, UT US",40.84,-111.71,2499.4,2026-09-13,1988-06-22
GHCND:USS0011J65S,"MILL D NORTH, UT US",40.66,-111.64,2733.1,2026-09-13,1988-09-30
GHCND:USS0011J68S,"PARRISH CREEK, UT US",40.93,-111.81,2359.2,2026-09-13,1999-08-01
GHCND:USS0011J69S,"LOUIS MEADOW, UT US",40.83,-111.76,2042.2,2026-09-13,1999-09-01
GHCND:USS0011J70S,"CASCADE MOUNTAIN, UT US",40.28,-111.61,2369.5,2026-09-13,2002-10-16
GHCND:USS0011K03S,"MAMMOTH COTTONWOOD, UT US",39.68,-111.32,2660,2026-09-13,1978-11-02
GHCND:USS0011K05S,"HUNTINGTON HORSE, UT US",39.61,-111.3,2943.5,2026-09-13,2012-06-16
GHCND:USS0011K09S,"SEELEY CREEK, UT US",39.31,-111.43,3020.6,2026-09-13,1978-09-30
GHCND:USS0011K10S,"GBRC MEADOWS, UT US",39.3,-111.45,2980.9,2026-09-12,2012-07-21
GHCND:USS0011K11S,"GBRC HQ, UT US",39.32,-111.49,2603.3,2026-09-13,2012-07-20
GHCND:USS0011K12S,"MOUNT BALDY, UT US",39.14,-111.51,2893.8,2026-09-13,2012-07-17
GHCND:USS0011K13S,"BEAVER DAMS, UT US",39.14,-111.56,2435.4,2026-09-13,1980-09-29
GHCND:USS0011K15S,"DILL S CAMP, UT US",39.05,-111.47,2798.7,2026-09-13,1978-09-30
GHCND:USS0011K21S,"CLEAR CREEK NUMBER 1, UT US",39.87,-111.28,2715.2,2026-09-13,1978-09-30
GHCND:USS0011K22S,"CLEAR CREEK NUMBER 2, UT US",39.89,-111.25,2334.5,2026-09-13,1978-09-30
GHCND:USS0011K28S,"RED PINE RIDGE, UT US",39.45,-111.27,2745.9,2026-09-13,1978-10-08
GHCND:USS0011K29S,"UPPER JOES VALLEY, UT US",39.42,-111.25,2646,2026-09-13,2012-07-21
GHCND:USS0011K31S,"BUCK FLAT, UT US",39.13,-111.44,2874.3,2026-09-13,1978-09-30
GHCND:USS0011K32S,"WRIGLEY CREEK, UT US",39.13,-111.35,2792.6,2026-09-13,2012-07-19
GHCND:USS0011K35S,"THISTLE FLAT, UT US",39.24,-111.52,2699.9,2026-09-13,2012-07-21
GHCND:USS0011K36S,"REES FLAT, UT US",39.5,-111.73,2197.9,2026-09-13,2012-06-16
GHCND:USS0011K39S,"PICKLE KEG, UT US",39.01,-111.58,2926.1,2026-09-13,1978-09-30
GHCND:USS0011K52S,"PAYSON RANGER STATION, UT US",39.93,-111.63,2458.5,2026-09-13,1980-09-29
GHCND:USS0011L01S,"FARNSWORTH LAKE, UT US",38.77,-111.68,2951.1,2026-09-13,1980-09-29
GHCND:USS0011L02S,"GOOSEBERRY RANGER STATION UP, UT US",38.79,-111.69,2560.3,2026-09-13,2011-07-18
GHCND:USS0011L03S,"FISH LAKE UTAH, UT US",38.5,-111.77,2681.6,2026-09-13,2010-08-23
GHCND:USS0011L04S,"BLACK FLAT U.M. CK, UT US",38.68,-111.6,2884,2026-09-13,1980-06-18
GHCND:USS0011L05S,"DONKEY RESERVOIR, UT US",38.21,-111.48,2987,2026-09-13,1985-09-30
GHCND:USS0011L12S,"GOOSEBERRY RANGER STATION, UT US",38.8,-111.68,2423.2,2026-09-13,1979-09-29
GHCND:USS0011M01S,"SUNFLOWER FLAT, UT US",38.05,-111.34,3034.9,2026-09-13,2013-09-30
GHCND:USS0011M03S,"WIDTSOE NUMBER 3, UT US",37.84,-111.88,2938.3,2026-09-13,1978-09-30
GHCND:USS0011M06S,"CLAYTON SPRINGS, UT US",37.97,-111.83,3062.9,2026-09-13,2000-06-27
GHCND:USS0012J02S,"BEVANS CABIN, UT US",40.46,-112.25,1959.9,2026-09-12,2012-05-08
GHCND:USS0012J06S,"ROCKY BASIN SETTLEME, UT US",40.44,-112.24,2712.7,2026-09-13,1981-02-11
GHCND:USS0012J07S,"MINING FORK, UT US",40.49,-112.61,2505.8,2026-09-13,1988-09-21
GHCND:USS0012J09S,"DRY FORK, UT US",40.57,-112.17,2161.9,2026-09-13,1994-09-30
GHCND:USS0012K01S,"VERNON CREEK, UT US",39.94,-112.41,2255.8,2026-09-13,1978-09-30
GHCND:USS0012K02S,"OAK CREEK, UT US",39.35,-112.33,2392.7,2026-09-13,2010-07-11
GHCND:USS0012L04S,"BOX CREEK, UT US",38.51,-112.02,2995.6,2026-09-13,1979-09-30
GHCND:USS0012L05S,"SQUAW SPRINGS, UT US",38.5,-112.01,2775.2,2026-09-13,2010-08-23
GHCND:USS0012L06S,"KIMBERLY MINE, UT US",38.48,-112.39,2782.5,2026-09-13,1980-09-29
GHCND:USS0012L07S,"BIG FLAT, UT US",38.3,-112.36,3154.4,2026-09-13,1978-09-30
GHCND:USS0012L12S,"MERCHANT VALLEY, UT US",38.3,-112.44,2652.7,2026-09-10,1980-09-29
GHCND:USS0012L15S,"PINE CREEK, UT US",38.88,-112.25,2679.2,2026-09-13,1985-02-12
GHCND:USS0012L20S,"JONES CORRAL, UT US",38.07,-112.17,2971.5,2026-09-13,2007-09-19
GHCND:USS0012M03S,"WEBSTER FLAT, UT US",37.58,-112.9,2805.1,2026-09-13,1980-09-30
GHCND:USS0012M05S,"HARRIS FLAT, UT US",37.49,-112.58,2377.4,2026-09-13,1979-09-29
GHCND:USS0012M06S,"LONG VALLEY JCT, UT US",37.49,-112.51,2275,2026-09-13,1986-06-10
GHCND:USS0012M07S,"PANGUITCH LAKE RANGER STATION, UT US",37.7,-112.65,2545.1,2026-09-13,2014-05-28
GHCND:USS0012M11S,"YANKEE RESERVOIR, UT US",37.75,-112.78,2654.2,2026-09-13,2012-07-11
GHCND:USS0012M13S,"CASTLE VALLEY, UT US",37.66,-112.74,2920,2026-09-13,1980-09-29
GHCND:USS0012M14S,"BRIAN HEAD, UT US",37.68,-112.86,3039.5,2026-09-13,2011-08-22
GHCND:USS0012M17S,"SUU RANCH, UT US",37.6,-112.92,2493,2026-09-13,2013-08-26
GHCND:USS0012M23S,"MIDWAY VALLEY, UT US",37.57,-112.84,2987,2026-09-13,1980-09-29
GHCND:USS0012M26S,"AGUA CANYON, UT US",37.52,-112.27,2712.7,2026-09-13,1994-09-30
GHCND:USS0013H05S,"GEORGE CREEK, UT US",41.92,-113.41,2744.7,2026-09-13,2010-08-10
GHCND:USS0013M02S,"LONG FLAT, UT US",37.51,-113.4,2438.4,2026-09-13,1979-09-29
GHCND:USS0013M04S,"LITTLE GRASSY, UT US",37.49,-113.85,1859.3,2026-09-13,1985-09-30
GHCND:USS0013M05S,"KOLOB, UT US",37.53,-113.05,2806,2026-09-13,1978-09-30
GHCND:USS0013M06S,"GUTZ PEAK, UT US",37.5,-113.94,2061.4,2026-09-13,2004-08-25
GHCND:USS0013M07S,"GARDNER PEAK, UT US",37.4,-113.46,2536.5,2026-09-13,2004-08-26
GHCND:USSNRCS0124,"TAKKA WIIYA, UT US",39.74,-113.98,2794.4,2015-07-24,2013-08-20
GHCND:USW00003081,"TROPIC 9 SE, UT US",37.5174,-111.9775,1796.8,2014-05-31,2009-07-14
GHCND:USW00004134,"GRANITE PEAK DUGWAY PROVING GROUND, UT US",40.160386,-113.350616,1310.6,2024-06-15,2006-08-01
GHCND:USW00004138,"BRIGHAM CITY 28 WNW, UT US",41.6163,-112.5437,1509.1,2026-09-13,2007-10-27
GHCND:USW00004143,"PROVO 22 E, UT US",40.2816,-111.2398,2379.9,2014-05-31,2010-08-01
GHCND:USW00023159,"BRYCE CANYON AIRPORT, UT US",37.70127,-112.14897,2309.9,2026-09-13,1948-11-01
GHCND:USW00023162,"DELTA, UT US",39.33741,-112.58571,1411.2,2026-09-10,1938-06-01
GHCND:USW00023170,"HANKSVILLE, UT US",38.37462,-110.70827,1295.4,2026-09-10,1910-03-01
GHCND:USW00023176,"MILFORD MUNICIPAL AIRPORT, UT US",38.42251,-113.01089,1533.5,2026-09-10,1996-08-01
GHCND:USW00023177,"MODENA, UT US",37.79806,-113.92556,1664.2,2004-03-31,1948-01-01
GHCND:USW00023186,"ST GEORGE MUNICIPAL AIRPORT, UT US",37.0451,-113.50561,894.9,2026-09-12,2017-02-08
GHCND:USW00024101,"OGDEN HILL AFB, UT US",41.11667,-111.96667,1459.7,2026-09-10,1946-06-25
GHCND:USW00024103,"DUGWAY PROVING GROUNDS, UT US",40.18333,-112.93333,1325.6,2026-05-19,1949-12-07
GHCND:USW00024111,"WENDOVER DARBY AFB, UT US",40.73333,-114.03333,1293,1957-10-22,1948-08-26
GHCND:USW00024120,"COALVILLE, UT US",40.9138,-111.3983,1691.6,2012-05-31,1894-01-01
GHCND:USW00024122,"FAIRFIELD CAA AIRPORT, UT US",40.35,-112.05,1513.9,1950-07-31,1948-07-01
GHCND:USW00024125,"LUCIN, UT US",41.35,-113.9,1362.2,1990-12-31,1905-04-01
GHCND:USW00024126,"OGDEN HINKLEY AIRPORT, UT US",41.19406,-112.01682,1356.1,2026-09-13,1948-01-01
GHCND:USW00024127,"SALT LAKE CITY INTERNATIONAL AIRPORT, UT US",40.77069,-111.96503,1288.4,2026-09-13,1941-11-01
GHCND:USW00024175,"SALT LAKE CITY, UT US",40.76667,-111.88333,1311.9,1954-07-31,1928-01-02
GHCND:USW00024193,"WENDOVER USAF AUXILIARY FIELD, UT US",40.7206,-114.0358,1291.4,2026-09-12,1911-05-25
GHCND:USW00053004,"BLUFF 32 NW, UT US",37.601,-109.9886,1959.3,2014-05-31,2010-08-14
GHCND:USW00053010,"MONTICELLO 24 NW, UT US",38.1402,-109.6165,1531.6,2014-05-31,2010-08-15
GHCND:USW00053012,"BLANDING 26 SSW, UT US",37.2667,-109.6074,1338.1,2014-05-31,2010-08-16
GHCND:USW00053013,"CEDAR CITY 18 SSE, UT US",37.4572,-113.2248,1553.3,2014-05-31,2010-08-05
GHCND:USW00053014,"MEXICAN HAT 10 NW, UT US",37.2507,-109.9877,1939.7,2014-05-31,2010-08-19
GHCND:USW00053023,"SPANISH VALLEY 25 SW, UT US",38.313,-109.8539,1912.6,2014-05-31,2011-09-19
GHCND:USW00053149,"TORREY 7 E, UT US",38.3028,-111.2935,1891,2026-09-13,2007-10-04
GHCND:USW00053165,"DELTA 4 NE, UT US",39.3872,-112.5095,1451.2,2014-05-31,2010-08-02
GHCND:USW00053166,"ST. GEORGE 15 NE, UT US",37.2157,-113.3794,1041.5,2012-09-26,2010-08-06
GHCND:USW00053167,"MIDWAY 3 NE, UT US",40.5467,-111.4137,1752,2014-05-31,2010-07-23
GHCND:USW00053171,"MILFORD 42 WNW, UT US",38.5943,-113.7511,1601.7,2014-05-31,2010-08-03
GHCND:USW00053174,"PRICE 3 E, UT US",39.608,-110.7508,1778.5,2014-05-31,2011-09-18
GHCND:USW00053185,"BEAVER 15 E, UT US",38.2731,-112.377,3088.2,2014-05-31,2011-09-23
GHCND:USW00093075,"MOAB CANYONLAND AIRPORT, UT US",38.75006,-109.76267,1387.1,2026-09-13,1998-07-15
GHCND:USW00093129,"CEDAR CITY AIRPORT, UT US",37.70672,-113.09698,1703.8,2026-09-13,1948-07-01
GHCND:USW00093141,"PRICE CARBON CO AIRPORT, UT US",39.60886,-110.75547,1777.2,2026-09-13,1998-09-10
GHCND:USW00093198,"ST GEORGE INTERMEDIATE FIELD, UT US",37.05,-113.51667,882.7,1954-12-31,1948-07-01
GHCND:USW00094030,"VERNAL MUNICIPAL AIRPORT, UT US",40.44293,-109.51278,1604.9,2026-09-13,1998-02-01
GHCND:USW00094096,"VERNAL 23 SSE, UT US",40.1346,-109.6429,1424.6,2014-05-31,2011-09-21
GHCND:USW00094097,"GRANTSVILLE 12 WNW, UT US",40.6364,-112.6774,1395.4,2014-05-31,2011-09-22
GHCND:USW00094098,"MANILA 18 ESE, UT US",40.9226,-109.3899,1992.2,2014-05-31,2011-09-21
GHCND:USW00094128,"LOGAN CACHE AIRPORT, UT US",41.7865,-111.85188,1355.7,2026-09-13,1998-10-04
GHCND:USW00094138,"TOOELE, UT US",40.15,-113.06667,1318,1951-11-08,1951-06-27
