active,latitude,longitude,initials
y,41.19253,-101.65607,RLM
n,41.19252,-101.65607,RLM
y,41.19254,-101.65614,RLM
n,41.19254,-101.65612,RLM
n,41.19257,-101.65618,RLM
y,41.1926,-101.65621,RLM
n,41.1926,-101.6562,RLM
y,41.19255,-101.65604,RLM
n,41.19253,-101.65601,RLM
y,41.19247,-101.65599,RLM
n,41.19252,-101.65594,RLM
n,41.19248,-101.65589,RLM
y,41.19251,-101.65584,RLM
y,41.19248,-101.65578,RLM
n,41.19247,-101.65578,RLM
y,41.19255,-101.65581,RLM
n,41.19258,-101.65586,RLM
y,41.19259,-101.65591,RLM
y,41.19259,-101.65593,RLM
y,41.19264,-101.65598,RLM
y,41.19263,-101.65594,RLM
y,41.19263,-101.65591,RLM
y,41.19266,-101.65589,RLM
y,41.19269,-101.65588,RLM
y,41.19267,-101.65585,RLM
y,41.19266,-101.65582,RLM
y,41.19262,-101.65584,RLM
y,41.19259,-101.65582,RLM
n,41.19257,-101.65578,RLM
n,41.19264,-101.65577,RLM
y,41.19255,-101.65574,RLM
n,41.19254,-101.65571,RLM
n,41.19254,-101.65567,RLM
y,41.19258,-101.65566,RLM
y,41.19259,-101.65566,RLM
y,41.19257,-101.65541,RLM
n,41.19256,-101.6553,RLM
y,41.19259,-101.65527,RLM
n,41.19252,-101.65523,RLM
n,41.19247,-101.65518,RLM
y,41.19251,-101.65514,RLM
n,41.19247,-101.65508,RLM
y,41.19253,-101.65507,RLM
y,41.19256,-101.65518,RLM
y,41.19261,-101.6551,RLM
y,41.19263,-101.65519,RLM
y,41.19262,-101.65525,RLM
y,41.19262,-101.6553,RLM
y,41.19264,-101.65526,RLM
n,41.19266,-101.65522,RLM
y,41.19267,-101.65519,RLM
y,41.1926,-101.65519,RLM
y,41.19265,-101.65513,RLM
y,41.19269,-101.65512,RLM
y,41.1927,-101.6551,RLM
y,41.19265,-101.65509,RLM
y,41.19266,-101.65508,RLM
n,41.1926,-101.65506,RLM
y,41.19257,-101.65507,RLM
y,41.19262,-101.65501,RLM
y,41.19263,-101.655,RLM
y,41.19268,-101.65497,RLM
y,41.19271,-101.65504,RLM
y,41.1927,-101.65503,RLM
y,41.19273,-101.65498,RLM
y,41.19273,-101.65491,RLM
y,41.19273,-101.65487,RLM
n,41.1927,-101.65482,RLM
y,41.19263,-101.65476,RLM
n,41.1926,-101.65472,RLM
y,41.19258,-101.65472,RLM
y,41.19257,-101.65467,RLM
y,41.19255,-101.65468,RLM
y,41.1925,-101.6549,RLM
y,41.1925,-101.65485,RLM
y,41.19254,-101.65482,RLM
y,41.19258,-101.6548,RLM
y,41.1925,-101.65477,RLM
y,41.19249,-101.65469,RLM
y,41.19246,-101.65466,RLM
y,41.19245,-101.65461,RLM
y,41.19248,-101.65461,RLM
y,41.19246,-101.65448,RLM
y,41.19248,-101.65453,RLM
y,41.19251,-101.65458,RLM
y,41.19251,-101.65462,RLM
y,41.19256,-101.65459,RLM
y,41.19265,-101.65467,RLM
n,41.1927,-101.65477,RLM
y,41.19279,-101.65478,RLM
y,41.19282,-101.65482,RLM
y,41.19282,-101.65485,RLM
y,41.19278,-101.65486,RLM
y,41.19284,-101.65477,RLM
y,41.19283,-101.6547,RLM
y,41.19287,-101.65472,RLM
n,41.19284,-101.65466,RLM
n,41.19281,-101.65467,RLM
y,41.19278,-101.65465,RLM
y,41.19274,-101.65464,RLM
n,41.19278,-101.6547,RLM
y,41.19275,-101.65471,RLM
y,41.19288,-101.65462,RLM
y,41.19285,-101.65461,RLM
y,41.1928,-101.65459,RLM
n,41.19278,-101.65456,RLM
y,41.19275,-101.65453,RLM
y,41.19274,-101.65456,RLM
y,41.1927,-101.65459,RLM
y,41.19267,-101.65461,RLM
y,41.19263,-101.65451,RLM
y,41.1926,-101.6545,RLM
y,41.19256,-101.65449,RLM
n,41.19249,-101.65444,RLM
n,41.19253,-101.65441,RLM
y,41.19258,-101.6544,RLM
y,41.1926,-101.65442,RLM
y,41.19246,-101.65424,RLM
n,41.19249,-101.65421,RLM
y,41.19251,-101.65415,RLM
y,41.19252,-101.65414,RLM
y,41.19258,-101.65416,RLM
y,41.19257,-101.65424,RLM
y,41.19259,-101.65428,RLM
y,41.19263,-101.65422,RLM
y,41.19271,-101.65426,RLM
n,41.19267,-101.65431,RLM
n,41.1927,-101.65433,RLM
y,41.19287,-101.65451,RLM
y,41.19283,-101.65446,RLM
y,41.19283,-101.6545,RLM
y,41.19277,-101.65448,RLM
y,41.19276,-101.65437,RLM
y,41.19281,-101.65434,RLM
y,41.19281,-101.65431,RLM
y,41.19273,-101.65425,RLM
y,41.19273,-101.6542,RLM
y,41.19271,-101.65417,RLM
y,41.19261,-101.65414,RLM
y,41.19258,-101.65412,RLM
y,41.19256,-101.65414,RLM
y,41.19245,-101.6541,RLM
y,41.19247,-101.6541,RLM
y,41.19246,-101.65405,RLM
y,41.19287,-101.65435,RLM
n,41.19282,-101.65427,RLM
y,41.19286,-101.65421,RLM
y,41.19282,-101.65417,RLM
n,41.1927,-101.65413,RLM
y,41.19268,-101.65411,RLM
y,41.19264,-101.65411,RLM
y,41.19266,-101.65407,RLM
y,41.1926,-101.65408,RLM
n,41.19253,-101.65399,RLM
y,41.19261,-101.65396,RLM
y,41.19263,-101.65392,RLM
n,41.19257,-101.65392,RLM
y,41.19252,-101.65385,RLM
n,41.19248,-101.65382,RLM
y,41.19247,-101.65378,RLM
y,41.19249,-101.65374,RLM
y,41.1925,-101.65366,RLM
y,41.1925,-101.65372,RLM
y,41.19257,-101.65282,RLM
y,41.19265,-101.65385,RLM
y,41.19268,-101.65392,RLM
y,41.19269,-101.65399,RLM
y,41.19271,-101.654,RLM
y,41.19273,-101.65398,RLM
y,41.19274,-101.654,RLM
y,41.19276,-101.65401,RLM
n,41.19261,-101.65559,JI
y,41.19266,-101.65562,JI
n,41.19271,-101.65564,JI
y,41.19268,-101.65568,JI
n,41.19267,-101.65569,JI
y,41.19267,-101.65575,JI
n,41.19266,-101.65577,JI
y,41.19265,-101.65575,JI
y,41.19263,-101.65579,JI
n,41.19262,-101.65575,JI
y,41.19261,-101.6557,JI
y,41.19268,-101.65572,JI
y,41.1927,-101.65562,JI
y,41.19266,-101.65558,JI
n,41.19253,-101.65553,JI
y,41.19258,-101.65549,JI
y,41.19273,-101.65572,JI
n,41.19272,-101.65567,JI
n,41.19273,-101.65569,JI
y,41.19273,-101.65565,JI
y,41.19275,-101.65563,JI
n,41.19275,-101.65558,JI
y,41.19269,-101.65551,JI
n,41.19267,-101.65552,JI
n,41.19339,-101.65487,JI
y,41.1934,-101.65491,JI
y,41.1934,-101.65484,JI
y,41.19336,-101.65483,JI
y,41.19332,-101.65477,JI
y,41.19335,-101.65477,JI
n,41.19336,-101.65477,JI
y,41.19337,-101.65472,JI
n,41.19338,-101.65472,JI
y,41.19336,-101.65472,JI
y,41.19335,-101.65467,JI
n,41.19333,-101.65463,JI
y,41.19332,-101.6546,JI
n,41.19332,-101.65461,JI
y,41.19333,-101.65456,JI
y,41.19326,-101.65457,JI
y,41.19327,-101.65447,JI
n,41.19324,-101.65442,JI
n,41.1932,-101.65445,JI
y,41.19318,-101.65442,JI
y,41.19325,-101.65434,JI
y,41.19326,-101.65427,JI
y,41.19321,-101.65421,JI
y,41.19319,-101.65424,JI
y,41.19326,-101.65419,JI
y,41.19328,-101.65414,JI
y,41.19332,-101.65411,JI
y,41.19337,-101.65417,JI
n,41.19333,-101.65427,JI
n,41.19337,-101.65424,JI
y,41.19305,-101.65417,JI
y,41.19302,-101.65414,JI
y,41.19329,-101.65416,JI
y,41.19302,-101.65413,JI
y,41.19304,-101.65414,JI
y,41.19308,-101.65416,JI
y,41.19311,-101.65417,JI
n,41.19309,-101.6542,JI
n,41.1931,-101.65419,JI
y,41.19315,-101.65421,JI
y,41.19316,-101.65415,JI
y,41.19318,-101.65415,JI
y,41.19321,-101.65415,JI
y,41.19319,-101.65411,JI
y,41.19319,-101.65405,JI
y,41.19322,-101.65402,JI
y,41.19321,-101.65398,JI
n,41.19326,-101.65395,JI
y,41.19328,-101.65395,JI
n,41.19329,-101.65392,JI
y,41.19327,-101.6539,JI
y,41.19324,-101.65389,JI
n,41.19321,-101.65382,JI
y,41.19319,-101.65379,JI
y,41.19328,-101.65381,JI
y,41.19328,-101.65379,JI
n,41.19328,-101.65369,JI
y,41.19326,-101.65366,JI
y,41.19323,-101.65369,JI
y,41.1932,-101.65368,JI
n,41.19315,-101.65369,JI
y,41.19313,-101.65366,JI
y,41.19314,-101.65363,JI
y,41.19292,-101.65458,TAD
y,41.19291,-101.65454,TAD
y,41.19293,-101.65455,TAD
n,41.19294,-101.65455,TAD
y,41.19296,-101.65458,TAD
y,41.19302,-101.65462,TAD
n,41.19307,-101.65456,TAD
n,41.19304,-101.65453,TAD
y,41.19304,-101.6545,TAD
y,41.1931,-101.65454,TAD
n,41.19313,-101.65453,TAD
n,41.19315,-101.65451,TAD
y,41.19316,-101.65457,TAD
y,41.19315,-101.65461,TAD
y,41.19315,-101.65464,TAD
y,41.19316,-101.65468,TAD
y,41.19318,-101.6546,TAD
y,41.19323,-101.65452,TAD
y,41.19314,-101.65431,TAD
y,41.1931,-101.65433,TAD
y,41.19309,-101.65433,TAD
y,41.19312,-101.65426,TAD
y,41.19309,-101.65427,TAD
n,41.19305,-101.65428,TAD
y,41.19304,-101.65426,TAD
y,41.19288,-101.65542,SM
y,41.19287,-101.65543,SM
y,41.19282,-101.65536,SM
n,41.19279,-101.65537,SM
n,41.19276,-101.65535,SM
y,41.19278,-101.65533,SM
n,41.19283,-101.65533,SM
n,41.19288,-101.65529,SM
n,41.19289,-101.65526,SM
y,41.19281,-101.65527,SM
y,41.19278,-101.65527,SM
y,41.19274,-101.65528,SM
n,41.19279,-101.65506,SM
y,41.19281,-101.65506,SM
n,41.19279,-101.65507,SM
y,41.19272,-101.6551,SM
n,41.19275,-101.65504,SM
n,41.1928,-101.65498,SM
n,41.19284,-101.65499,SM
n,41.19285,-101.65503,SM
n,41.19286,-101.65494,SM
n,41.19292,-101.65498,SM
n,41.19295,-101.65502,SM
n,41.19286,-101.65498,SM
n,41.193,-101.65498,SM
y,41.19304,-101.65498,SM
y,41.1931,-101.65499,SM
y,41.19316,-101.65498,SM
y,41.19322,-101.65495,SM
y,41.19319,-101.65489,SM
y,41.19316,-101.65491,SM
y,41.19312,-101.65492,SM
n,41.1931,-101.65491,SM
y,41.1931,-101.65487,SM
n,41.1931,-101.65488,SM
y,41.19308,-101.65487,SM
y,41.19306,-101.65488,SM
n,41.19303,-101.65499,SM
y,41.19301,-101.65492,SM
y,41.19301,-101.65489,SM
n,41.19303,-101.65487,SM
y,41.193,-101.65485,SM
y,41.19306,-101.65483,SM
y,41.19316,-101.65484,SM
y,41.19318,-101.65483,SM
y,41.19327,-101.6548,SM
n,41.19329,-101.6548,SM
n,41.19334,-101.65473,SM
y,41.19385,-101.65523,HRL
y,41.19383,-101.65526,HRL
y,41.19384,-101.65524,HRL
y,41.19382,-101.65531,HRL
y,41.19386,-101.65533,HRL
y,41.19388,-101.65533,HRL
y,41.1939,-101.6553,HRL
y,41.19388,-101.65535,HRL
n,41.19391,-101.65538,HRL
n,41.19387,-101.6554,HRL
y,41.19393,-101.65532,HRL
y,41.19396,-101.65527,HRL
y,41.19394,-101.65527,HRL
y,41.19394,-101.65524,HRL
y,41.19389,-101.65515,HRL
y,41.19384,-101.65511,HRL
y,41.19383,-101.65511,HRL
y,41.19378,-101.65503,HRL
y,41.19388,-101.65506,HRL
n,41.1939,-101.65505,HRL
y,41.19389,-101.65505,HRL
y,41.19394,-101.65508,HRL
y,41.19393,-101.65511,HRL
y,41.19396,-101.65509,HRL
y,41.19397,-101.65513,HRL
n,41.19393,-101.6552,HRL
y,41.19392,-101.6552,HRL
y,41.19392,-101.65522,HRL
y,41.19314,-101.65599,HRL
n,41.19315,-101.65596,HRL
n,41.19316,-101.65594,HRL
n,41.19319,-101.65594,HRL
y,41.1931,-101.65596,HRL
y,41.19305,-101.65576,HRL
n,41.19306,-101.65575,HRL
y,41.19302,-101.65573,HRL
n,41.19305,-101.65569,HRL
y,41.19303,-101.65566,HRL
n,41.19305,-101.65564,HRL
y,41.1931,-101.65564,HRL
y,41.19312,-101.65556,HRL
y,41.19314,-101.65562,HRL
n,41.19315,-101.6556,HRL
y,41.19316,-101.65555,HRL
y,41.1932,-101.6556,HRL
y,41.19321,-101.65558,HRL
y,41.19324,-101.65559,HRL
y,41.19325,-101.65553,HRL
y,41.19322,-101.65549,HRL
y,41.19314,-101.65547,HRL
n,41.19313,-101.65549,HRL
y,41.19312,-101.65553,HRL
y,41.19301,-101.65546,HRL
y,41.193,-101.65553,HRL
n,41.19305,-101.65559,HRL
y,41.1931,-101.65545,HRL
y,41.19312,-101.65544,HRL
y,41.19314,-101.65543,HRL
y,41.19315,-101.65542,HRL
n,41.19322,-101.65546,HRL
y,41.1932,-101.6554,HRL
n,41.19323,-101.65538,HRL
y,41.19326,-101.65539,HRL
y,41.19331,-101.65543,HRL
y,41.19332,-101.65533,HRL
y,41.19333,-101.65534,HRL
y,41.19337,-101.65533,HRL
y,41.1934,-101.65533,HRL
n,41.1935,-101.65539,HRL
y,41.19353,-101.65547,HRL
y,41.19357,-101.65542,HRL
y,41.19355,-101.65543,HRL
y,41.19352,-101.6554,HRL
n,41.19352,-101.65536,HRL
y,41.1935,-101.65536,HRL
n,41.19352,-101.65532,HRL
y,41.19357,-101.6553,HRL
y,41.1936,-101.65527,HRL
y,41.19362,-101.65524,HRL
y,41.19365,-101.65529,HRL
y,41.19365,-101.65534,HRL
y,41.19371,-101.65534,HRL
y,41.19373,-101.65539,HRL
n,41.19374,-101.65536,HRL
y,41.19374,-101.65533,HRL
y,41.19375,-101.65531,HRL
n,41.19378,-101.65536,HRL
y,41.19379,-101.65533,HRL
y,41.19378,-101.65527,HRL
y,41.19371,-101.65526,HRL
n,41.1937,-101.65527,HRL
y,41.19369,-101.65526,HRL
y,41.19366,-101.65522,HRL
n,41.19365,-101.6552,HRL
n,41.19365,-101.65519,HRL
n,41.19368,-101.65513,HRL
n,41.19371,-101.6551,HRL
y,41.19372,-101.65511,HRL
n,41.19375,-101.65513,HRL
y,41.19377,-101.65519,HRL
y,41.19377,-101.6552,HRL
n,41.19375,-101.65521,HRL
y,41.19381,-101.65519,HRL
y,41.19385,-101.65521,HRL
y,41.19355,-101.65486,RM
y,41.19354,-101.65485,RM
y,41.19359,-101.65492,RM
y,41.19362,-101.65491,RM
y,41.19360,-101.65497,RM
y,41.19362,-101.65498,RM
y,41.19360,-101.65505,RM
y,41.19361,-101.65513,RM
y,41.19366,-101.65508,RM
y,41.19370,-101.65504,RM
y,41.19370,-101.65498,RM
y,41.19371,-101.65494,RM
y,41.19375,-101.65500,RM
y,41.19376,-101.65502,RM
y,41.19378,-101.65500,RM
n,41.19379,-101.65502,RM
y,41.19381,-101.65491,RM
y,41.19382,-101.65492,RM
y,41.19384,-101.65489,RM
y,41.19382,-101.65482,RM
y,41.19377,-101.65479,RM
y,41.19384,-101.65478,RM
y,41.19386,-101.65472,RM
y,41.19388,-101.65469,RM
y,41.19390,-101.65472,RM
y,41.19397,-101.65473,RM
y,41.19396,-101.65456,RM
n,41.19391,-101.65484,RM
y,41.19397,-101.65482,RM
y,41.19402,-101.65482,RM
y,41.19406,-101.65486,RM
y,41.19417,-101.65498,RM
y,41.19422,-101.65495,RM
y,41.19410,-101.65495,RM
y,41.19410,-101.65497,RM
y,41.19413,-101.65507,RM
y,41.19421,-101.65492,RM
y,41.19422,-101.65491,RM
y,41.19270,-101.65481,RM
y,41.19429,-101.65485,RM
y,41.19434,-101.65488,RM
n,41.19311,-101.65614,RM
y,41.19313,-101.65609,RM
n,41.19314,-101.65607,RM
y,41.19315,-101.65604,RM
y,41.19316,-101.65602,RM
y,41.19316,-101.65699,RM
y,41.19309,-101.65585,RM
n,41.19303,-101.65598,RM
y,41.19300,-101.65598,RM
y,41.19303,-101.65585,RM
n,41.19304,-101.65584,RM
y,41.19315,-101.65573,RM
y,41.19318,-101.65569,RM
y,41.19315,-101.65565,RM
y,41.19294,-101.65583,RM
y,41.19291,-101.65589,RM
n,41.19289,-101.65589,RM
y,41.19286,-101.65589,RM
y,41.19286,-101.65588,RM
y,41.19282,-101.65585,RM
y,41.19277,-101.65581,RM
n,41.19307,-101.65556,RM
y,41.19307,-101.65555,RM
y,41.19305,-101.6555,RM
y,41.19303,-101.65549,RM
n,41.19297,-101.65544,RM
y,41.19295,-101.6554,RM
y,41.19299,-101.65541,RM
y,41.19305,-101.65543,RM
y,41.19307,-101.65538,RM
y,41.19310,-101.6554,RM
y,41.19305,-101.65535,RM
y,41.19308,-101.65529,RM
y,41.19310,-101.65527,RM
y,41.19310,-101.65528,RM
y,41.19315,-101.65529,RM
y,41.19313,-101.65527,RM
y,41.19318,-101.65525,RM
y,41.19319,-101.65525,RM
y,41.19319,-101.65523,RM
n,41.19308,-101.65523,RM
y,41.19308,-101.65518,RM
n,41.19307,-101.65518,RM
y,41.19301,-101.65524,RM
y,41.19301,-101.6553,RM
y,41.19295,-101.65532,RM
y,41.19292,-101.65534,RM
n,41.19291,-101.65536,RM
y,41.19322,-101.6553,RM
y,41.19324,-101.6556,RM
y,41.19323,-101.65522,RM
y,41.19324,-101.65523,RM
y,41.19329,-101.65524,RM
y,41.1933,-101.65528,RM
y,41.19329,-101.65517,RM
y,41.19331,-101.6557,RM
n,41.19337,-101.6557,RM
y,41.19339,-101.65522,RM
y,41.19339,-101.65523,RM
y,41.19341,-101.65524,RM
n,41.19345,-101.65525,RM
y,41.19343,-101.65518,RM
y,41.19347,-101.65518,RM
y,41.19349,-101.65517,RM
y,41.19349,-101.65517,RM
y,41.1934,-101.65513,RM
y,41.19337,-101.65511,RM
y,41.19331,-101.65508,RM
y,41.19335,-101.65502,RM
y,41.19335,-101.655,RM
y,41.19339,-101.65501,RM
y,41.19342,-101.65503,RM
y,41.19345,-101.65495,RM
y,41.19345,-101.65501,RM
y,41.19347,-101.65491,RM
y,41.1935,-101.65489,RM
y,41.1935,-101.65497,RM
y,41.19353,-101.65497,RM
y,41.19355,-101.65496,RM
y,41.19358,-101.65493,RM
y,41.19271,-101.65582,SM
y,41.19273,-101.65578,SM
y,41.19275,-101.65577,SM
y,41.19286,-101.65572,SM
n,41.19282,-101.65567,SM
n,41.19283,-101.65566,SM
n,41.19279,-101.65565,SM
n,41.19277,-101.65568,SM
n,41.19276,-101.65567,SM
y,41.19276,-101.65569,SM
n,41.1928,-101.65562,SM
y,41.19282,-101.65559,SM
n,41.19276,-101.65559,SM
y,41.19285,-101.65562,SM
y,41.19289,-101.65561,SM
y,41.19285,-101.65558,SM
y,41.19285,-101.65553,SM
y,41.19287,-101.65554,SM
y,41.19286,-101.65553,SM
y,41.1929,-101.65548,SM
y,41.19283,-101.65549,SM
n,41.19284,-101.65547,SM
y,41.19281,-101.65552,SM
n,41.19297,-101.65549,SM
y,41.1933,-101.65468,SM
y,41.19327,-101.65465,SM
y,41.19325,-101.65466,SM
y,41.19323,-101.65472,SM
y,41.19318,-101.65468,SM
y,41.19327,-101.6546,SM
y,41.19334,-101.65441,SM
y,41.19337,-101.65446,SM
n,41.19338,-101.65453,SM
y,41.1934,-101.65462,SM
n,41.19342,-101.65475,SM
y,41.19344,-101.65475,SM
n,41.1935,-101.65479,SM
y,41.19353,-101.65475,SM
y,41.19357,-101.65477,SM
y,41.19353,-101.65467,SM
y,41.19349,-101.6547,SM
y,41.19347,-101.65466,SM
y,41.19344,-101.65459,SM
y,41.19339,-101.6544,SM
n,41.19331,-101.65437,SM
y,41.19339,-101.65432,SM
y,41.1934,-101.65428,SM
n,41.1934,-101.65424,SM
y,41.19341,-101.65417,SM
y,41.19341,-101.65411,SM
y,41.19345,-101.65413,SM
y,41.19349,-101.65417,SM
y,41.19345,-101.65419,SM
y,41.19345,-101.65425,SM
y,41.19345,-101.65436,SM
y,41.19345,-101.65434,SM
y,41.19344,-101.65432,SM
y,41.19348,-101.65431,SM
y,41.19351,-101.6543,SM
y,41.19352,-101.65424,SM
y,41.19353,-101.6543,SM
y,41.19351,-101.65438,SM
y,41.19349,-101.65442,SM
y,41.19345,-101.65453,SM
n,41.192642,-101.65553,TAD
y,41.192259,-101.65547,TAD
y,41.19263,-101.65544,TAD
y,41.19262,-101.6554,TAD
y,41.19264,-101.65538,TAD
n,41.19267,-101.65536,TAD
n,41.19269,-101.6554,TAD
y,41.19269,-101.65543,TAD
y,41.19275,-101.65548,TAD
y,41.19276,-101.65544,TAD
y,41.19278,-101.65542,TAD
y,41.19275,-101.6554,TAD
n,41.19276,-101.65536,TAD
y,41.19273,-101.65537,TAD
y,41.19271,-101.65531,TAD
y,41.19271,-101.6553,TAD
y,41.19272,-101.65523,TAD
y,41.19275,-101.65521,TAD
y,41.19275,-101.65525,TAD
y,41.19277,-101.6552,TAD
y,41.19279,-101.65513,TAD
y,41.19283,-101.65516,TAD
y,41.19283,-101.65514,TAD
y,41.19286,-101.65506,TAD
y,41.19285,-101.65505,TAD
y,41.19289,-101.65505,TAD
y,41.19289,-101.65504,TAD
y,41.19295,-101.65504,TAD
y,41.19296,-101.65509,TAD
y,41.193,-101.65509,TAD
y,41.19305,-101.65525,TAD
n,41.19311,-101.65507,TAD
y,41.19316,-101.65506,TAD
y,41.19316,-101.65502,TAD
n,41.19323,-101.65502,TAD
y,41.19324,-101.65503,TAD
y,41.19323,-101.65501,TAD
y,41.19331,-101.65598,TAD
y,41.19328,-101.65585,TAD
y,41.19328,-101.65588,TAD
y,41.19334,-101.65587,TAD
n,41.19261667,-101.6555333,JR
n,41.19258333,-101.6555333,JR
y,41.19256667,-101.6555,JR
y,41.19255,-101.6555333,JR
y,41.19253333,-101.6555667,JR
n,41.19251667,-101.6556,JR
y,41.19246667,-101.6556333,JR
y,41.19253333,-101.6555333,JR
n,41.19253333,-101.6554833,JR
y,41.19255,-101.65545,JR
y,41.19251667,-101.6554167,JR
n,41.19248333,-101.6553667,JR
y,41.19251667,-101.65535,JR
y,41.1925,-101.6550167,JR
n,41.19253333,-101.6549667,JR
y,41.1926,-101.6549833,JR
y,41.19261667,-101.65495,JR
n,41.19255,-101.6549167,JR
y,41.19256667,-101.6548833,JR
y,41.19261667,-101.6548667,JR
y,41.19261667,-101.6548833,JR
y,41.19263333,-101.6548333,JR
n,41.19265,-101.65485,JR
y,41.19266667,-101.6549167,JR
n,41.19271667,-101.6549667,JR
n,41.19273333,-101.6548333,JR
n,41.19276667,-101.6548,JR
y,41.1928,-101.6549,JR
y,41.19283333,-101.6549,JR
n,41.19291667,-101.6549333,JR
y,41.19298333,-101.6549,JR
n,41.19295,-101.6549,JR
y,41.19293333,-101.6548833,JR
n,41.19291667,-101.65485,JR
y,41.19286667,-101.6548333,JR
n,41.19291667,-101.6548167,JR
y,41.19293333,-101.6547833,JR
y,41.19298333,-101.6548333,JR
y,41.19301667,-101.6548,JR
n,41.19305,-101.6547833,JR
n,41.19305,-101.65475,JR
n,41.19305,-101.6547333,JR
y,41.19303333,-101.65475,JR
y,41.19308333,-101.6546833,JR
n,41.1931,-101.6546333,JR
n,41.19308333,-101.6546167,JR
n,41.19293333,-101.6548167,JR
y,41.19293333,-101.6544333,JR
y,41.19291667,-101.6544,JR
y,41.19293333,-101.6543333,JR
y,41.19301667,-101.6544,JR
y,41.19305,-101.6543833,JR
y,41.19313333,-101.6544,JR
y,41.19315,-101.6544,JR
y,41.19291667,-101.6543833,JR
n,41.19291667,-101.65435,JR
y,41.19293333,-101.6543333,JR
y,41.19296667,-101.6542833,JR
n,41.193,-101.6542667,JR
n,41.193,-101.6542167,JR
n,41.19301667,-101.6541833,JR
n,41.19296667,-101.6541833,JR
n,41.19295,-101.6542167,JR
n,41.19291667,-101.6541833,JR